ticker,date,issue
FTK,,TICKER_DIR_MISSING
CLBH,,TICKER_DIR_MISSING
IPCC,,TICKER_DIR_MISSING
KNM,,TICKER_DIR_MISSING
THS,,TICKER_DIR_MISSING
THR,,TICKER_DIR_MISSING
MGNX,,TICKER_DIR_MISSING
AAME,,TICKER_DIR_MISSING
AGMH,,TICKER_DIR_MISSING
PN,,TICKER_DIR_MISSING
GOGO,,TICKER_DIR_MISSING
BNTC,,TICKER_DIR_MISSING
PESI,,TICKER_DIR_MISSING
ETRM,,TICKER_DIR_MISSING
TRW,,TICKER_DIR_MISSING
JAGX,,TICKER_DIR_MISSING
PBYI,,TICKER_DIR_MISSING
CTS,,TICKER_DIR_MISSING
UVV,,TICKER_DIR_MISSING
AFSI,,TICKER_DIR_MISSING
QCP,,TICKER_DIR_MISSING
CBIO,,TICKER_DIR_MISSING
YHOO,,TICKER_DIR_MISSING
CAL,,TICKER_DIR_MISSING
CEMP,,TICKER_DIR_MISSING
CLW,,TICKER_DIR_MISSING
PERY,,TICKER_DIR_MISSING
UFCS,,TICKER_DIR_MISSING
UTMD,,TICKER_DIR_MISSING
BV,,TICKER_DIR_MISSING
LVNTA,,TICKER_DIR_MISSING
ENTL,,TICKER_DIR_MISSING
WSBF,,TICKER_DIR_MISSING
LMCA,,TICKER_DIR_MISSING
LIQT,,TICKER_DIR_MISSING
MTRX,,TICKER_DIR_MISSING
GALT,,TICKER_DIR_MISSING
CVV,,TICKER_DIR_MISSING
LOAN,,TICKER_DIR_MISSING
MDXG,,TICKER_DIR_MISSING
MARPS,,TICKER_DIR_MISSING
TICC,,TICKER_DIR_MISSING
CIA,,TICKER_DIR_MISSING
NOMD,,TICKER_DIR_MISSING
TWO,,TICKER_DIR_MISSING
MITK,,TICKER_DIR_MISSING
POT,,TICKER_DIR_MISSING
NCI,,TICKER_DIR_MISSING
VNTV,,TICKER_DIR_MISSING
BBSI,,TICKER_DIR_MISSING
CLMS,,TICKER_DIR_MISSING
TCX,,TICKER_DIR_MISSING
AYN,,TICKER_DIR_MISSING
TEU,,TICKER_DIR_MISSING
GOOS,,TICKER_DIR_MISSING
GTWN,,TICKER_DIR_MISSING
CAAS,,TICKER_DIR_MISSING
FSIC,,TICKER_DIR_MISSING
BHVN,,TICKER_DIR_MISSING
CLNE,,TICKER_DIR_MISSING
CUE,,TICKER_DIR_MISSING
GPMT,,TICKER_DIR_MISSING
HTBK,,TICKER_DIR_MISSING
AEYE,,TICKER_DIR_MISSING
GRNQ,,TICKER_DIR_MISSING
WWW,,TICKER_DIR_MISSING
ICHR,,TICKER_DIR_MISSING
MM,,TICKER_DIR_MISSING
TTGT,,TICKER_DIR_MISSING
CJES,,TICKER_DIR_MISSING
MOV,,TICKER_DIR_MISSING
XPER,,TICKER_DIR_MISSING
EXA,,TICKER_DIR_MISSING
KALA,,TICKER_DIR_MISSING
SNGX,,TICKER_DIR_MISSING
IROQ,,TICKER_DIR_MISSING
ESPR,,TICKER_DIR_MISSING
ATLS,,TICKER_DIR_MISSING
STEM,,TICKER_DIR_MISSING
PNRG,,TICKER_DIR_MISSING
FLWS,,TICKER_DIR_MISSING
PANL,,TICKER_DIR_MISSING
GABC,,TICKER_DIR_MISSING
MTEX,,TICKER_DIR_MISSING
OKSB,,TICKER_DIR_MISSING
JELD,,TICKER_DIR_MISSING
ARTW,,TICKER_DIR_MISSING
KFFB,,TICKER_DIR_MISSING
OREX,,TICKER_DIR_MISSING
DERM,,TICKER_DIR_MISSING
IMS,,TICKER_DIR_MISSING
CZWI,,TICKER_DIR_MISSING
OCFC,,TICKER_DIR_MISSING
NEXT,,TICKER_DIR_MISSING
ZQK,,TICKER_DIR_MISSING
RSPP,,TICKER_DIR_MISSING
CHCT,,TICKER_DIR_MISSING
NRT,,TICKER_DIR_MISSING
CNTY,,TICKER_DIR_MISSING
RDIB,,TICKER_DIR_MISSING
HRG,,TICKER_DIR_MISSING
MLR,,TICKER_DIR_MISSING
CHI,,TICKER_DIR_MISSING
PCBK,,TICKER_DIR_MISSING
CASH,,TICKER_DIR_MISSING
DTSS,,TICKER_DIR_MISSING
TWIN,,TICKER_DIR_MISSING
ACTA,,TICKER_DIR_MISSING
NTI,,TICKER_DIR_MISSING
ACNB,,TICKER_DIR_MISSING
GWRS,,TICKER_DIR_MISSING
CLPR,,TICKER_DIR_MISSING
KNDI,,TICKER_DIR_MISSING
CIM,,TICKER_DIR_MISSING
PLKI,,TICKER_DIR_MISSING
SCOR,,TICKER_DIR_MISSING
NTCT,,TICKER_DIR_MISSING
HLX,,TICKER_DIR_MISSING
ABUS,,TICKER_DIR_MISSING
DHRM,,TICKER_DIR_MISSING
GDF,,TICKER_DIR_MISSING
EQY,,TICKER_DIR_MISSING
CFNL,,TICKER_DIR_MISSING
UPLD,,TICKER_DIR_MISSING
MRVC,,TICKER_DIR_MISSING
SPCB,,TICKER_DIR_MISSING
TBRG,,TICKER_DIR_MISSING
CFNB,,TICKER_DIR_MISSING
CWBC,,TICKER_DIR_MISSING
DV,,TICKER_DIR_MISSING
BLNK,,TICKER_DIR_MISSING
RNF,,TICKER_DIR_MISSING
BCBP,,TICKER_DIR_MISSING
CBFV,,TICKER_DIR_MISSING
TLF,,TICKER_DIR_MISSING
EVER,,TICKER_DIR_MISSING
CRWS,,TICKER_DIR_MISSING
ZLTQ,,TICKER_DIR_MISSING
GY,,TICKER_DIR_MISSING
TRS,,TICKER_DIR_MISSING
RSTI,,TICKER_DIR_MISSING
IRG,,TICKER_DIR_MISSING
NATH,,TICKER_DIR_MISSING
ARTNA,,TICKER_DIR_MISSING
MRC,,TICKER_DIR_MISSING
SALE,,TICKER_DIR_MISSING
CBRL,,TICKER_DIR_MISSING
PEB,,TICKER_DIR_MISSING
CCRN,,TICKER_DIR_MISSING
ACE,,TICKER_DIR_MISSING
ESEA,,TICKER_DIR_MISSING
SFST,,TICKER_DIR_MISSING
RGR,,TICKER_DIR_MISSING
SLD,,TICKER_DIR_MISSING
MJN,,TICKER_DIR_MISSING
GPIA,,TICKER_DIR_MISSING
FNCX,,TICKER_DIR_MISSING
NPI,,TICKER_DIR_MISSING
CNXN,,TICKER_DIR_MISSING
SD,,TICKER_DIR_MISSING
DXR,,TICKER_DIR_MISSING
FSTR,,TICKER_DIR_MISSING
RICK,,TICKER_DIR_MISSING
XSPL,,TICKER_DIR_MISSING
NEON,,TICKER_DIR_MISSING
CDLX,,TICKER_DIR_MISSING
GLPW,,TICKER_DIR_MISSING
FENX,,TICKER_DIR_MISSING
GNCMA,,TICKER_DIR_MISSING
ARVN,,TICKER_DIR_MISSING
DEG,,TICKER_DIR_MISSING
NSP,,TICKER_DIR_MISSING
OFLX,,TICKER_DIR_MISSING
MDWD,,TICKER_DIR_MISSING
LBIO,,TICKER_DIR_MISSING
ISTR,,TICKER_DIR_MISSING
WPRT,,TICKER_DIR_MISSING
THFF,,TICKER_DIR_MISSING
MYGN,,TICKER_DIR_MISSING
CMPR,,TICKER_DIR_MISSING
PPS,,TICKER_DIR_MISSING
TPIV,,TICKER_DIR_MISSING
RGCO,,TICKER_DIR_MISSING
CCN,,TICKER_DIR_MISSING
FCH,,TICKER_DIR_MISSING
EE,,TICKER_DIR_MISSING
TCBK,,TICKER_DIR_MISSING
NQS,,TICKER_DIR_MISSING
HUN,,TICKER_DIR_MISSING
RMGN,,TICKER_DIR_MISSING
HOTR,,TICKER_DIR_MISSING
TROX,,TICKER_DIR_MISSING
GDOT,,TICKER_DIR_MISSING
GLBS,,TICKER_DIR_MISSING
CPSH,,TICKER_DIR_MISSING
SSH,,TICKER_DIR_MISSING
GLP,,TICKER_DIR_MISSING
LCNB,,TICKER_DIR_MISSING
MEG,,TICKER_DIR_MISSING
AHH,,TICKER_DIR_MISSING
SGL,,TICKER_DIR_MISSING
SSYS,,TICKER_DIR_MISSING
MBVX,,TICKER_DIR_MISSING
CLRB,,TICKER_DIR_MISSING
HAO,,TICKER_DIR_MISSING
MTX,,TICKER_DIR_MISSING
ITIC,,TICKER_DIR_MISSING
NSSC,,TICKER_DIR_MISSING
COB,,TICKER_DIR_MISSING
EEP,,TICKER_DIR_MISSING
AIRG,,TICKER_DIR_MISSING
DENN,,TICKER_DIR_MISSING
BWINB,,TICKER_DIR_MISSING
MYCC,,TICKER_DIR_MISSING
RPD,,TICKER_DIR_MISSING
BWEN,,TICKER_DIR_MISSING
PVTB,,TICKER_DIR_MISSING
DSKX,,TICKER_DIR_MISSING
KSS,,TICKER_DIR_MISSING
IMPR,,TICKER_DIR_MISSING
RELL,,TICKER_DIR_MISSING
WHG,,TICKER_DIR_MISSING
MWE,,TICKER_DIR_MISSING
SURG,,TICKER_DIR_MISSING
LPTN,,TICKER_DIR_MISSING
SENEB,,TICKER_DIR_MISSING
INVA,,TICKER_DIR_MISSING
CAA,,TICKER_DIR_MISSING
FOXF,,TICKER_DIR_MISSING
RETO,,TICKER_DIR_MISSING
XPLR,,TICKER_DIR_MISSING
ESMC,,TICKER_DIR_MISSING
ECOR,,TICKER_DIR_MISSING
CASI,,TICKER_DIR_MISSING
DDD,,TICKER_DIR_MISSING
AF,,TICKER_DIR_MISSING
CCB,,TICKER_DIR_MISSING
ACRE,,TICKER_DIR_MISSING
EXXI,,TICKER_DIR_MISSING
ENOC,,TICKER_DIR_MISSING
SNOA,,TICKER_DIR_MISSING
APEI,,TICKER_DIR_MISSING
LADR,,TICKER_DIR_MISSING
OCLS,,TICKER_DIR_MISSING
LPG,,TICKER_DIR_MISSING
TPVG,,TICKER_DIR_MISSING
AET,,TICKER_DIR_MISSING
RMP,,TICKER_DIR_MISSING
BWLD,,TICKER_DIR_MISSING
PRPH,,TICKER_DIR_MISSING
TENX,,TICKER_DIR_MISSING
ASTC,,TICKER_DIR_MISSING
KPTI,,TICKER_DIR_MISSING
MATW,,TICKER_DIR_MISSING
SEM,,TICKER_DIR_MISSING
YEXT,,TICKER_DIR_MISSING
DGII,,TICKER_DIR_MISSING
CRVS,,TICKER_DIR_MISSING
PBIB,,TICKER_DIR_MISSING
TRUE,,TICKER_DIR_MISSING
EEQ,,TICKER_DIR_MISSING
HGG,,TICKER_DIR_MISSING
RCMT,,TICKER_DIR_MISSING
INR,,TICKER_DIR_MISSING
SSKN,,TICKER_DIR_MISSING
NVGS,,TICKER_DIR_MISSING
LINU,,TICKER_DIR_MISSING
SAMG,,TICKER_DIR_MISSING
STDY,,TICKER_DIR_MISSING
BLFS,,TICKER_DIR_MISSING
TIGR,,TICKER_DIR_MISSING
TRAK,,TICKER_DIR_MISSING
GSIT,,TICKER_DIR_MISSING
CECO,,TICKER_DIR_MISSING
INSG,,TICKER_DIR_MISSING
RNVA,,TICKER_DIR_MISSING
SST,,TICKER_DIR_MISSING
KERX,,TICKER_DIR_MISSING
WTBA,,TICKER_DIR_MISSING
PAVM,,TICKER_DIR_MISSING
AMCC,,TICKER_DIR_MISSING
RPXC,,TICKER_DIR_MISSING
ASPN,,TICKER_DIR_MISSING
TRR,,TICKER_DIR_MISSING
LYTS,,TICKER_DIR_MISSING
STRO,,TICKER_DIR_MISSING
CHEK,,TICKER_DIR_MISSING
CIFC,,TICKER_DIR_MISSING
CAFD,,TICKER_DIR_MISSING
RCKT,,TICKER_DIR_MISSING
NRC,,TICKER_DIR_MISSING
RES,,TICKER_DIR_MISSING
DEPO,,TICKER_DIR_MISSING
ROG,,TICKER_DIR_MISSING
ACSF,,TICKER_DIR_MISSING
FNBG,,TICKER_DIR_MISSING
BRCD,,TICKER_DIR_MISSING
BLIN,,TICKER_DIR_MISSING
CRNT,,TICKER_DIR_MISSING
NINE,,TICKER_DIR_MISSING
KNOP,,TICKER_DIR_MISSING
ACB,,TICKER_DIR_MISSING
VRCA,,TICKER_DIR_MISSING
BLBD,,TICKER_DIR_MISSING
HIHO,,TICKER_DIR_MISSING
EVDY,,TICKER_DIR_MISSING
ACHV,,TICKER_DIR_MISSING
HRTX,,TICKER_DIR_MISSING
ADHD,,TICKER_DIR_MISSING
WEYS,,TICKER_DIR_MISSING
NERV,,TICKER_DIR_MISSING
BLVD,,TICKER_DIR_MISSING
BIOP,,TICKER_DIR_MISSING
MOCO,,TICKER_DIR_MISSING
WFM,,TICKER_DIR_MISSING
MIW,,TICKER_DIR_MISSING
REE,,TICKER_DIR_MISSING
PBNC,,TICKER_DIR_MISSING
DWRE,,TICKER_DIR_MISSING
TRUP,,TICKER_DIR_MISSING
CDTI,,TICKER_DIR_MISSING
TACO,,TICKER_DIR_MISSING
RAVE,,TICKER_DIR_MISSING
HLIT,,TICKER_DIR_MISSING
RYAM,,TICKER_DIR_MISSING
PGRE,,TICKER_DIR_MISSING
NRF,,TICKER_DIR_MISSING
ROKA,,TICKER_DIR_MISSING
AVOL,,TICKER_DIR_MISSING
MPX,,TICKER_DIR_MISSING
ACFC,,TICKER_DIR_MISSING
GNVC,,TICKER_DIR_MISSING
CHGG,,TICKER_DIR_MISSING
QUIK,,TICKER_DIR_MISSING
TZOO,,TICKER_DIR_MISSING
PBT,,TICKER_DIR_MISSING
PZZA,,TICKER_DIR_MISSING
CSRA,,TICKER_DIR_MISSING
XUE,,TICKER_DIR_MISSING
SNI,,TICKER_DIR_MISSING
AWRE,,TICKER_DIR_MISSING
PROV,,TICKER_DIR_MISSING
BOXL,,TICKER_DIR_MISSING
IPW,,TICKER_DIR_MISSING
TSRA,,TICKER_DIR_MISSING
NBS,,TICKER_DIR_MISSING
NGVC,,TICKER_DIR_MISSING
FCFP,,TICKER_DIR_MISSING
DVAX,,TICKER_DIR_MISSING
BMR,,TICKER_DIR_MISSING
CYS,,TICKER_DIR_MISSING
ASC,,TICKER_DIR_MISSING
DFIN,,TICKER_DIR_MISSING
AMLX,,TICKER_DIR_MISSING
HCSG,,TICKER_DIR_MISSING
STLR,,TICKER_DIR_MISSING
SIGM,,TICKER_DIR_MISSING
USNA,,TICKER_DIR_MISSING
PBM,,TICKER_DIR_MISSING
CBR,,TICKER_DIR_MISSING
FUSB,,TICKER_DIR_MISSING
TSE,,TICKER_DIR_MISSING
STRI,,TICKER_DIR_MISSING
FORD,,TICKER_DIR_MISSING
EBF,,TICKER_DIR_MISSING
CHUBA,,TICKER_DIR_MISSING
PGC,,TICKER_DIR_MISSING
PRKR,,TICKER_DIR_MISSING
HGT,,TICKER_DIR_MISSING
WSTC,,TICKER_DIR_MISSING
VASC,,TICKER_DIR_MISSING
MULE,,TICKER_DIR_MISSING
KW,,TICKER_DIR_MISSING
ANGO,,TICKER_DIR_MISSING
KIDS,,TICKER_DIR_MISSING
PF,,TICKER_DIR_MISSING
NPD,,TICKER_DIR_MISSING
IFRX,,TICKER_DIR_MISSING
LLTC,,TICKER_DIR_MISSING
CTSO,,TICKER_DIR_MISSING
MLP,,TICKER_DIR_MISSING
FCCO,,TICKER_DIR_MISSING
JBLU,,TICKER_DIR_MISSING
JUNO,,TICKER_DIR_MISSING
CWH,,TICKER_DIR_MISSING
FALC,,TICKER_DIR_MISSING
TCB,,TICKER_DIR_MISSING
NTRP,,TICKER_DIR_MISSING
HYAC,,TICKER_DIR_MISSING
CCNE,,TICKER_DIR_MISSING
KND,,TICKER_DIR_MISSING
ANDV,,TICKER_DIR_MISSING
OFG,,TICKER_DIR_MISSING
XLS,,TICKER_DIR_MISSING
JBSS,,TICKER_DIR_MISSING
HELE,,TICKER_DIR_MISSING
SOHU,,TICKER_DIR_MISSING
EVTC,,TICKER_DIR_MISSING
VET,,TICKER_DIR_MISSING
SMLR,,TICKER_DIR_MISSING
VTSI,,TICKER_DIR_MISSING
TAOM,,TICKER_DIR_MISSING
GES,,TICKER_DIR_MISSING
SODA,,TICKER_DIR_MISSING
GSBD,,TICKER_DIR_MISSING
TWX,,TICKER_DIR_MISSING
NTB,,TICKER_DIR_MISSING
SERV,,TICKER_DIR_MISSING
GIG,,TICKER_DIR_MISSING
AGRO,,TICKER_DIR_MISSING
UCTT,,TICKER_DIR_MISSING
KLRE,,TICKER_DIR_MISSING
CPSS,,TICKER_DIR_MISSING
VRX,,TICKER_DIR_MISSING
WSR,,TICKER_DIR_MISSING
TPUB,,TICKER_DIR_MISSING
HURC,,TICKER_DIR_MISSING
NSLP,,TICKER_DIR_MISSING
CRD.A,,TICKER_DIR_MISSING
EVC,,TICKER_DIR_MISSING
CAPL,,TICKER_DIR_MISSING
ISRL,,TICKER_DIR_MISSING
HW,,TICKER_DIR_MISSING
DOGZ,,TICKER_DIR_MISSING
UONE,,TICKER_DIR_MISSING
BOXC,,TICKER_DIR_MISSING
NMFC,,TICKER_DIR_MISSING
USEG,,TICKER_DIR_MISSING
PRXL,,TICKER_DIR_MISSING
SSRI,,TICKER_DIR_MISSING
CPHR,,TICKER_DIR_MISSING
CMRE,,TICKER_DIR_MISSING
SXC,,TICKER_DIR_MISSING
FBNK,,TICKER_DIR_MISSING
ACIU,,TICKER_DIR_MISSING
DGAS,,TICKER_DIR_MISSING
FNFV,,TICKER_DIR_MISSING
OMG,,TICKER_DIR_MISSING
RCAP,,TICKER_DIR_MISSING
KMT,,TICKER_DIR_MISSING
AGM,,TICKER_DIR_MISSING
ZOES,,TICKER_DIR_MISSING
RDVT,,TICKER_DIR_MISSING
PNK,,TICKER_DIR_MISSING
MSB,,TICKER_DIR_MISSING
BWINA,,TICKER_DIR_MISSING
PDLB,,TICKER_DIR_MISSING
TILE,,TICKER_DIR_MISSING
CSC,,TICKER_DIR_MISSING
TBI,,TICKER_DIR_MISSING
BEE,,TICKER_DIR_MISSING
MPSX,,TICKER_DIR_MISSING
DX,,TICKER_DIR_MISSING
ANAB,,TICKER_DIR_MISSING
GNPX,,TICKER_DIR_MISSING
GDEN,,TICKER_DIR_MISSING
FLXS,,TICKER_DIR_MISSING
CTMX,,TICKER_DIR_MISSING
FFIC,,TICKER_DIR_MISSING
SGM,,TICKER_DIR_MISSING
WTI,,TICKER_DIR_MISSING
PRQR,,TICKER_DIR_MISSING
HFWA,,TICKER_DIR_MISSING
FSFR,,TICKER_DIR_MISSING
NCFT,,TICKER_DIR_MISSING
UNTY,,TICKER_DIR_MISSING
OMCL,,TICKER_DIR_MISSING
WMIH,,TICKER_DIR_MISSING
CCSC,,TICKER_DIR_MISSING
TWER,,TICKER_DIR_MISSING
FCE.A,,TICKER_DIR_MISSING
AMBC,,TICKER_DIR_MISSING
FFWM,,TICKER_DIR_MISSING
CNOB,,TICKER_DIR_MISSING
MFS,,TICKER_DIR_MISSING
FSBW,,TICKER_DIR_MISSING
DXLG,,TICKER_DIR_MISSING
CENT,,TICKER_DIR_MISSING
AUQ,,TICKER_DIR_MISSING
SB,,TICKER_DIR_MISSING
ARG,,TICKER_DIR_MISSING
RAS,,TICKER_DIR_MISSING
OLP,,TICKER_DIR_MISSING
MBRX,,TICKER_DIR_MISSING
RMAX,,TICKER_DIR_MISSING
SSBI,,TICKER_DIR_MISSING
XXII,,TICKER_DIR_MISSING
BLMN,,TICKER_DIR_MISSING
ASTI,,TICKER_DIR_MISSING
HBB,,TICKER_DIR_MISSING
NEWT,,TICKER_DIR_MISSING
NPT,,TICKER_DIR_MISSING
DARE,,TICKER_DIR_MISSING
TNDM,,TICKER_DIR_MISSING
GEVO,,TICKER_DIR_MISSING
AMTX,,TICKER_DIR_MISSING
JEM,,TICKER_DIR_MISSING
HNH,,TICKER_DIR_MISSING
ZKIN,,TICKER_DIR_MISSING
CMLP,,TICKER_DIR_MISSING
SNBR,,TICKER_DIR_MISSING
IRBT,,TICKER_DIR_MISSING
MGTX,,TICKER_DIR_MISSING
MGPI,,TICKER_DIR_MISSING
RT,,TICKER_DIR_MISSING
BOSC,,TICKER_DIR_MISSING
SGY,,TICKER_DIR_MISSING
EGC,,TICKER_DIR_MISSING
FOSL,,TICKER_DIR_MISSING
SSTK,,TICKER_DIR_MISSING
ATLC,,TICKER_DIR_MISSING
FOR,,TICKER_DIR_MISSING
ICCC,,TICKER_DIR_MISSING
NEWS,,TICKER_DIR_MISSING
CCP,,TICKER_DIR_MISSING
CBI,,TICKER_DIR_MISSING
FNGN,,TICKER_DIR_MISSING
BIVV,,TICKER_DIR_MISSING
ITEK,,TICKER_DIR_MISSING
UTEK,,TICKER_DIR_MISSING
ARL,,TICKER_DIR_MISSING
CDZI,,TICKER_DIR_MISSING
MOGO,,TICKER_DIR_MISSING
ISIL,,TICKER_DIR_MISSING
IRC,,TICKER_DIR_MISSING
ANTH,,TICKER_DIR_MISSING
VTTI,,TICKER_DIR_MISSING
TEP,,TICKER_DIR_MISSING
OMNT,,TICKER_DIR_MISSING
KURA,,TICKER_DIR_MISSING
BKYI,,TICKER_DIR_MISSING
DLX,,TICKER_DIR_MISSING
DFBG,,TICKER_DIR_MISSING
INTG,,TICKER_DIR_MISSING
XERS,,TICKER_DIR_MISSING
BSF,,TICKER_DIR_MISSING
ACAT,,TICKER_DIR_MISSING
RGS,,TICKER_DIR_MISSING
RCKY,,TICKER_DIR_MISSING
AMN,,TICKER_DIR_MISSING
EDRY,,TICKER_DIR_MISSING
ANCB,,TICKER_DIR_MISSING
FCEL,,TICKER_DIR_MISSING
HAFC,,TICKER_DIR_MISSING
MBRG,,TICKER_DIR_MISSING
JAKK,,TICKER_DIR_MISSING
CNNE,,TICKER_DIR_MISSING
HTS,,TICKER_DIR_MISSING
RLOG,,TICKER_DIR_MISSING
PCB,,TICKER_DIR_MISSING
LMOS,,TICKER_DIR_MISSING
MXPT,,TICKER_DIR_MISSING
TISI,,TICKER_DIR_MISSING
TK,,TICKER_DIR_MISSING
DMD,,TICKER_DIR_MISSING
TNC,,TICKER_DIR_MISSING
TNXP,,TICKER_DIR_MISSING
HVT,,TICKER_DIR_MISSING
CNMD,,TICKER_DIR_MISSING
ODP,,TICKER_DIR_MISSING
RAIL,,TICKER_DIR_MISSING
APOL,,TICKER_DIR_MISSING
SRCE,,TICKER_DIR_MISSING
MEI,,TICKER_DIR_MISSING
ACUR,,TICKER_DIR_MISSING
SELF,,TICKER_DIR_MISSING
PSIX,,TICKER_DIR_MISSING
SYA,,TICKER_DIR_MISSING
LIVE,,TICKER_DIR_MISSING
FDUS,,TICKER_DIR_MISSING
CMK,,TICKER_DIR_MISSING
STRZB,,TICKER_DIR_MISSING
PETS,,TICKER_DIR_MISSING
LB,,TICKER_DIR_MISSING
REFR,,TICKER_DIR_MISSING
DANG,,TICKER_DIR_MISSING
AMSF,,TICKER_DIR_MISSING
BIOD,,TICKER_DIR_MISSING
EEX,,TICKER_DIR_MISSING
COYN,,TICKER_DIR_MISSING
ARRY,,TICKER_DIR_MISSING
SMBK,,TICKER_DIR_MISSING
BTE,,TICKER_DIR_MISSING
HAIN,,TICKER_DIR_MISSING
CALL,,TICKER_DIR_MISSING
BBRG,,TICKER_DIR_MISSING
WINA,,TICKER_DIR_MISSING
CBK,,TICKER_DIR_MISSING
HTLD,,TICKER_DIR_MISSING
ASGN,,TICKER_DIR_MISSING
RENT,,TICKER_DIR_MISSING
OSHC,,TICKER_DIR_MISSING
PERI,,TICKER_DIR_MISSING
NQU,,TICKER_DIR_MISSING
WG,,TICKER_DIR_MISSING
ELEC,,TICKER_DIR_MISSING
CAB,,TICKER_DIR_MISSING
TRNC,,TICKER_DIR_MISSING
TLYS,,TICKER_DIR_MISSING
RBB,,TICKER_DIR_MISSING
FC,,TICKER_DIR_MISSING
CODX,,TICKER_DIR_MISSING
ABY,,TICKER_DIR_MISSING
SNES,,TICKER_DIR_MISSING
GASS,,TICKER_DIR_MISSING
AEHR,,TICKER_DIR_MISSING
IOC,,TICKER_DIR_MISSING
TUMI,,TICKER_DIR_MISSING
TAOP,,TICKER_DIR_MISSING
SYBX,,TICKER_DIR_MISSING
DST,,TICKER_DIR_MISSING
RC,,TICKER_DIR_MISSING
CHFN,,TICKER_DIR_MISSING
LPTH,,TICKER_DIR_MISSING
ANDE,,TICKER_DIR_MISSING
UFPT,,TICKER_DIR_MISSING
EQ,,TICKER_DIR_MISSING
CLDT,,TICKER_DIR_MISSING
CMCT,,TICKER_DIR_MISSING
INGN,,TICKER_DIR_MISSING
CORI,,TICKER_DIR_MISSING
TCPI,,TICKER_DIR_MISSING
MTR,,TICKER_DIR_MISSING
TPB,,TICKER_DIR_MISSING
ASRT,,TICKER_DIR_MISSING
PRGN,,TICKER_DIR_MISSING
CFFI,,TICKER_DIR_MISSING
MITT,,TICKER_DIR_MISSING
MBVT,,TICKER_DIR_MISSING
AXLL,,TICKER_DIR_MISSING
WCST,,TICKER_DIR_MISSING
SSS,,TICKER_DIR_MISSING
MDSY,,TICKER_DIR_MISSING
ODC,,TICKER_DIR_MISSING
IBIO,,TICKER_DIR_MISSING
LTRX,,TICKER_DIR_MISSING
SRUN,,TICKER_DIR_MISSING
LNN,,TICKER_DIR_MISSING
WYN,,TICKER_DIR_MISSING
ROIAK,,TICKER_DIR_MISSING
BBW,,TICKER_DIR_MISSING
GERN,,TICKER_DIR_MISSING
WPT,,TICKER_DIR_MISSING
DLTH,,TICKER_DIR_MISSING
WERN,,TICKER_DIR_MISSING
AQST,,TICKER_DIR_MISSING
LMAT,,TICKER_DIR_MISSING
DWSN,,TICKER_DIR_MISSING
LGIH,,TICKER_DIR_MISSING
TDAC,,TICKER_DIR_MISSING
WHF,,TICKER_DIR_MISSING
SWC,,TICKER_DIR_MISSING
DLNG,,TICKER_DIR_MISSING
STIM,,TICKER_DIR_MISSING
NTIC,,TICKER_DIR_MISSING
ITRN,,TICKER_DIR_MISSING
PLBC,,TICKER_DIR_MISSING
ACET,,TICKER_DIR_MISSING
SMP,,TICKER_DIR_MISSING
IOSP,,TICKER_DIR_MISSING
JMI,,TICKER_DIR_MISSING
FCF,,TICKER_DIR_MISSING
CWEI,,TICKER_DIR_MISSING
THRM,,TICKER_DIR_MISSING
LBCC,,TICKER_DIR_MISSING
BPRN,,TICKER_DIR_MISSING
HRZN,,TICKER_DIR_MISSING
UNIS,,TICKER_DIR_MISSING
EOLS,,TICKER_DIR_MISSING
HHS,,TICKER_DIR_MISSING
NECB,,TICKER_DIR_MISSING
GPRE,,TICKER_DIR_MISSING
BNED,,TICKER_DIR_MISSING
CCBG,,TICKER_DIR_MISSING
AEC,,TICKER_DIR_MISSING
IMAX,,TICKER_DIR_MISSING
RSE,,TICKER_DIR_MISSING
RM,,TICKER_DIR_MISSING
GBLI,,TICKER_DIR_MISSING
BIOA,,TICKER_DIR_MISSING
ALU,,TICKER_DIR_MISSING
LMFA,,TICKER_DIR_MISSING
ABCO,,TICKER_DIR_MISSING
SNMX,,TICKER_DIR_MISSING
MBOT,,TICKER_DIR_MISSING
UAA,,TICKER_DIR_MISSING
AAV,,TICKER_DIR_MISSING
GLBZ,,TICKER_DIR_MISSING
GAIN,,TICKER_DIR_MISSING
DLHC,,TICKER_DIR_MISSING
RAI,,TICKER_DIR_MISSING
PFLT,,TICKER_DIR_MISSING
WCIC,,TICKER_DIR_MISSING
ELOS,,TICKER_DIR_MISSING
ARCO,,TICKER_DIR_MISSING
SCM,,TICKER_DIR_MISSING
LEE,,TICKER_DIR_MISSING
KMDA,,TICKER_DIR_MISSING
LMCK,,TICKER_DIR_MISSING
CDNA,,TICKER_DIR_MISSING
MNDO,,TICKER_DIR_MISSING
QIHU,,TICKER_DIR_MISSING
EFOI,,TICKER_DIR_MISSING
DSWL,,TICKER_DIR_MISSING
MSCC,,TICKER_DIR_MISSING
JGW,,TICKER_DIR_MISSING
LXU,,TICKER_DIR_MISSING
IFT,,TICKER_DIR_MISSING
INSE,,TICKER_DIR_MISSING
KOSS,,TICKER_DIR_MISSING
SHOR,,TICKER_DIR_MISSING
NBHC,,TICKER_DIR_MISSING
CWCO,,TICKER_DIR_MISSING
FSAM,,TICKER_DIR_MISSING
FMNB,,TICKER_DIR_MISSING
RIC,,TICKER_DIR_MISSING
NSAM,,TICKER_DIR_MISSING
MRH,,TICKER_DIR_MISSING
ARII,,TICKER_DIR_MISSING
BBCP,,TICKER_DIR_MISSING
AVNS,,TICKER_DIR_MISSING
WSCI,,TICKER_DIR_MISSING
PRTH,,TICKER_DIR_MISSING
MFA,,TICKER_DIR_MISSING
RTK,,TICKER_DIR_MISSING
RVSB,,TICKER_DIR_MISSING
CSIQ,,TICKER_DIR_MISSING
ACTG,,TICKER_DIR_MISSING
NVET,,TICKER_DIR_MISSING
INCR,,TICKER_DIR_MISSING
GRC,,TICKER_DIR_MISSING
RMR,,TICKER_DIR_MISSING
PPO,,TICKER_DIR_MISSING
SAFT,,TICKER_DIR_MISSING
SNCR,,TICKER_DIR_MISSING
HBNC,,TICKER_DIR_MISSING
YOD,,TICKER_DIR_MISSING
FATE,,TICKER_DIR_MISSING
JONE,,TICKER_DIR_MISSING
EML,,TICKER_DIR_MISSING
MCRB,,TICKER_DIR_MISSING
FSFG,,TICKER_DIR_MISSING
WNEB,,TICKER_DIR_MISSING
OMER,,TICKER_DIR_MISSING
KOPN,,TICKER_DIR_MISSING
DRIO,,TICKER_DIR_MISSING
JNS,,TICKER_DIR_MISSING
CNW,,TICKER_DIR_MISSING
GEOS,,TICKER_DIR_MISSING
LINK,,TICKER_DIR_MISSING
CETX,,TICKER_DIR_MISSING
MITL,,TICKER_DIR_MISSING
VYGR,,TICKER_DIR_MISSING
VVPR,,TICKER_DIR_MISSING
BOLD,,TICKER_DIR_MISSING
SSP,,TICKER_DIR_MISSING
STAA,,TICKER_DIR_MISSING
UIS,,TICKER_DIR_MISSING
IMNP,,TICKER_DIR_MISSING
FTFT,,TICKER_DIR_MISSING
FSC,,TICKER_DIR_MISSING
CASS,,TICKER_DIR_MISSING
LPCN,,TICKER_DIR_MISSING
XCRA,,TICKER_DIR_MISSING
HELI,,TICKER_DIR_MISSING
PUMP,,TICKER_DIR_MISSING
HUB.A,,TICKER_DIR_MISSING
GHM,,TICKER_DIR_MISSING
MCUR,,TICKER_DIR_MISSING
AIV,,TICKER_DIR_MISSING
XBIO,,TICKER_DIR_MISSING
OVID,,TICKER_DIR_MISSING
STRZA,,TICKER_DIR_MISSING
TE,,TICKER_DIR_MISSING
HFBL,,TICKER_DIR_MISSING
AVIR,,TICKER_DIR_MISSING
MENT,,TICKER_DIR_MISSING
AIRT,,TICKER_DIR_MISSING
VLGEA,,TICKER_DIR_MISSING
BWS,,TICKER_DIR_MISSING
NAOV,,TICKER_DIR_MISSING
CNV,,TICKER_DIR_MISSING
SKLN,,TICKER_DIR_MISSING
CCD,,TICKER_DIR_MISSING
CHNR,,TICKER_DIR_MISSING
HWBK,,TICKER_DIR_MISSING
ARGS,,TICKER_DIR_MISSING
TNGO,,TICKER_DIR_MISSING
IAM,,TICKER_DIR_MISSING
GYRO,,TICKER_DIR_MISSING
HNT,,TICKER_DIR_MISSING
UMH,,TICKER_DIR_MISSING
JNP,,TICKER_DIR_MISSING
PVA,,TICKER_DIR_MISSING
AVD,,TICKER_DIR_MISSING
SG,,TICKER_DIR_MISSING
OFIX,,TICKER_DIR_MISSING
CLRO,,TICKER_DIR_MISSING
ILG,,TICKER_DIR_MISSING
PHUN,,TICKER_DIR_MISSING
PZRX,,TICKER_DIR_MISSING
HTZ,,TICKER_DIR_MISSING
SABR,,TICKER_DIR_MISSING
SPU,,TICKER_DIR_MISSING
HONE,,TICKER_DIR_MISSING
CHW,,TICKER_DIR_MISSING
DCTH,,TICKER_DIR_MISSING
TLM,,TICKER_DIR_MISSING
BCRX,,TICKER_DIR_MISSING
RILY,,TICKER_DIR_MISSING
ZEP,,TICKER_DIR_MISSING
VCEL,,TICKER_DIR_MISSING
SAAS,,TICKER_DIR_MISSING
MOFG,,TICKER_DIR_MISSING
KOP,,TICKER_DIR_MISSING
WABC,,TICKER_DIR_MISSING
AUBN,,TICKER_DIR_MISSING
ANIK,,TICKER_DIR_MISSING
AIN,,TICKER_DIR_MISSING
SCHL,,TICKER_DIR_MISSING
LAND,,TICKER_DIR_MISSING
BBG,,TICKER_DIR_MISSING
BLT,,TICKER_DIR_MISSING
CCO,,TICKER_DIR_MISSING
SPF,,TICKER_DIR_MISSING
ALCO,,TICKER_DIR_MISSING
HLS,,TICKER_DIR_MISSING
SMPL,,TICKER_DIR_MISSING
IDN,,TICKER_DIR_MISSING
NSPR,,TICKER_DIR_MISSING
GSL,,TICKER_DIR_MISSING
CHCO,,TICKER_DIR_MISSING
DSCI,,TICKER_DIR_MISSING
APFH,,TICKER_DIR_MISSING
ROCK,,TICKER_DIR_MISSING
EGHT,,TICKER_DIR_MISSING
ABTL,,TICKER_DIR_MISSING
NSM,,TICKER_DIR_MISSING
KALU,,TICKER_DIR_MISSING
IMTE,,TICKER_DIR_MISSING
SYPR,,TICKER_DIR_MISSING
LMB,,TICKER_DIR_MISSING
JGV,,TICKER_DIR_MISSING
ATLO,,TICKER_DIR_MISSING
HBIO,,TICKER_DIR_MISSING
UVSP,,TICKER_DIR_MISSING
CUDA,,TICKER_DIR_MISSING
VA,,TICKER_DIR_MISSING
VECO,,TICKER_DIR_MISSING
EXL,,TICKER_DIR_MISSING
CYNI,,TICKER_DIR_MISSING
OXLC,,TICKER_DIR_MISSING
GLAD,,TICKER_DIR_MISSING
NAVI,,TICKER_DIR_MISSING
JOUT,,TICKER_DIR_MISSING
UHT,,TICKER_DIR_MISSING
NWPX,,TICKER_DIR_MISSING
PRLB,,TICKER_DIR_MISSING
CTBI,,TICKER_DIR_MISSING
KVHI,,TICKER_DIR_MISSING
AHP,,TICKER_DIR_MISSING
AVXS,,TICKER_DIR_MISSING
EFC,,TICKER_DIR_MISSING
USPH,,TICKER_DIR_MISSING
KATE,,TICKER_DIR_MISSING
WMLP,,TICKER_DIR_MISSING
CYH,,TICKER_DIR_MISSING
BOOM,,TICKER_DIR_MISSING
ARMF,,TICKER_DIR_MISSING
PCRX,,TICKER_DIR_MISSING
RDCM,,TICKER_DIR_MISSING
AOL,,TICKER_DIR_MISSING
WRLD,,TICKER_DIR_MISSING
BXC,,TICKER_DIR_MISSING
MSDI,,TICKER_DIR_MISSING
FGBI,,TICKER_DIR_MISSING
IXYS,,TICKER_DIR_MISSING
EVH,,TICKER_DIR_MISSING
SFBC,,TICKER_DIR_MISSING
SBH,,TICKER_DIR_MISSING
IDT,,TICKER_DIR_MISSING
JTP,,TICKER_DIR_MISSING
OSPN,,TICKER_DIR_MISSING
SSC,,TICKER_DIR_MISSING
OSBC,,TICKER_DIR_MISSING
PHMD,,TICKER_DIR_MISSING
JRVR,,TICKER_DIR_MISSING
MBUU,,TICKER_DIR_MISSING
CEB,,TICKER_DIR_MISSING
UA,,TICKER_DIR_MISSING
STBA,,TICKER_DIR_MISSING
ULBI,,TICKER_DIR_MISSING
STB,,TICKER_DIR_MISSING
JACK,,TICKER_DIR_MISSING
KELYA,,TICKER_DIR_MISSING
QSII,,TICKER_DIR_MISSING
CYD,,TICKER_DIR_MISSING
FSL,,TICKER_DIR_MISSING
OCLR,,TICKER_DIR_MISSING
SCLN,,TICKER_DIR_MISSING
FORR,,TICKER_DIR_MISSING
AMTB,,TICKER_DIR_MISSING
RIGL,,TICKER_DIR_MISSING
BHE,,TICKER_DIR_MISSING
NTLA,,TICKER_DIR_MISSING
WGL,,TICKER_DIR_MISSING
HSDT,,TICKER_DIR_MISSING
HGR,,TICKER_DIR_MISSING
LAC,,TICKER_DIR_MISSING
MRAM,,TICKER_DIR_MISSING
VHI,,TICKER_DIR_MISSING
ALDW,,TICKER_DIR_MISSING
SCMP,,TICKER_DIR_MISSING
GTI,,TICKER_DIR_MISSING
HPP,,TICKER_DIR_MISSING
PTHN,,TICKER_DIR_MISSING
SWHC,,TICKER_DIR_MISSING
SHIP,,TICKER_DIR_MISSING
ATE,,TICKER_DIR_MISSING
PNX,,TICKER_DIR_MISSING
FNKO,,TICKER_DIR_MISSING
JJSF,,TICKER_DIR_MISSING
PBSK,,TICKER_DIR_MISSING
FPI,,TICKER_DIR_MISSING
ORC,,TICKER_DIR_MISSING
CLNS,,TICKER_DIR_MISSING
WASH,,TICKER_DIR_MISSING
FUND,,TICKER_DIR_MISSING
PGEM,,TICKER_DIR_MISSING
VRNT,,TICKER_DIR_MISSING
PLOW,,TICKER_DIR_MISSING
TTI,,TICKER_DIR_MISSING
LSBK,,TICKER_DIR_MISSING
AMRK,,TICKER_DIR_MISSING
ASNS,,TICKER_DIR_MISSING
LAKE,,TICKER_DIR_MISSING
VREX,,TICKER_DIR_MISSING
HOT,,TICKER_DIR_MISSING
CGO,,TICKER_DIR_MISSING
NGVT,,TICKER_DIR_MISSING
VSAR,,TICKER_DIR_MISSING
ESRX,,TICKER_DIR_MISSING
OMI,,TICKER_DIR_MISSING
CHMT,,TICKER_DIR_MISSING
PRTA,,TICKER_DIR_MISSING
WTTR,,TICKER_DIR_MISSING
PGN,,TICKER_DIR_MISSING
PKT,,TICKER_DIR_MISSING
EGT,,TICKER_DIR_MISSING
MHGC,,TICKER_DIR_MISSING
CNIT,,TICKER_DIR_MISSING
NKA,,TICKER_DIR_MISSING
PDEX,,TICKER_DIR_MISSING
NOR,,TICKER_DIR_MISSING
HSP,,TICKER_DIR_MISSING
TNTR,,TICKER_DIR_MISSING
PARN,,TICKER_DIR_MISSING
MRKR,,TICKER_DIR_MISSING
DOM,,TICKER_DIR_MISSING
PX,,TICKER_DIR_MISSING
SPWH,,TICKER_DIR_MISSING
RLD,,TICKER_DIR_MISSING
SPH,,TICKER_DIR_MISSING
QTRX,,TICKER_DIR_MISSING
EGAN,,TICKER_DIR_MISSING
EIG,,TICKER_DIR_MISSING
NXRT,,TICKER_DIR_MISSING
FBRC,,TICKER_DIR_MISSING
EVAR,,TICKER_DIR_MISSING
EDIT,,TICKER_DIR_MISSING
ATUS,,TICKER_DIR_MISSING
MCFT,,TICKER_DIR_MISSING
RIGP,,TICKER_DIR_MISSING
WILN,,TICKER_DIR_MISSING
EVBS,,TICKER_DIR_MISSING
VERU,,TICKER_DIR_MISSING
LZB,,TICKER_DIR_MISSING
MESA,,TICKER_DIR_MISSING
RDI,,TICKER_DIR_MISSING
NHTC,,TICKER_DIR_MISSING
ALLO,,TICKER_DIR_MISSING
MWV,,TICKER_DIR_MISSING
AKBA,,TICKER_DIR_MISSING
SONC,,TICKER_DIR_MISSING
LASR,,TICKER_DIR_MISSING
LFGR,,TICKER_DIR_MISSING
AGU,,TICKER_DIR_MISSING
SRSC,,TICKER_DIR_MISSING
WLKP,,TICKER_DIR_MISSING
AUPH,,TICKER_DIR_MISSING
CNXR,,TICKER_DIR_MISSING
SGC,,TICKER_DIR_MISSING
ACG,,TICKER_DIR_MISSING
FCAP,,TICKER_DIR_MISSING
EYPT,,TICKER_DIR_MISSING
FUEL,,TICKER_DIR_MISSING
SPLS,,TICKER_DIR_MISSING
OXSQ,,TICKER_DIR_MISSING
ABCD,,TICKER_DIR_MISSING
BYSI,,TICKER_DIR_MISSING
RMTI,,TICKER_DIR_MISSING
ADIL,,TICKER_DIR_MISSING
EVEP,,TICKER_DIR_MISSING
ARLZ,,TICKER_DIR_MISSING
ARR,,TICKER_DIR_MISSING
DGLY,,TICKER_DIR_MISSING
KRNY,,TICKER_DIR_MISSING
ACFN,,TICKER_DIR_MISSING
COTV,,TICKER_DIR_MISSING
CAVM,,TICKER_DIR_MISSING
BHI,,TICKER_DIR_MISSING
CRIS,,TICKER_DIR_MISSING
ETON,,TICKER_DIR_MISSING
OPK,,TICKER_DIR_MISSING
FRM,,TICKER_DIR_MISSING
PKOH,,TICKER_DIR_MISSING
DMLP,,TICKER_DIR_MISSING
GNRT,,TICKER_DIR_MISSING
WBMD,,TICKER_DIR_MISSING
LOCK,,TICKER_DIR_MISSING
FGL,,TICKER_DIR_MISSING
DOTA,,TICKER_DIR_MISSING
BNCN,,TICKER_DIR_MISSING
CACQ,,TICKER_DIR_MISSING
OCR,,TICKER_DIR_MISSING
SOHO,,TICKER_DIR_MISSING
NAII,,TICKER_DIR_MISSING
CXW,,TICKER_DIR_MISSING
RTI,,TICKER_DIR_MISSING
OSUR,,TICKER_DIR_MISSING
ARCB,,TICKER_DIR_MISSING
KKD,,TICKER_DIR_MISSING
WVE,,TICKER_DIR_MISSING
MPB,,TICKER_DIR_MISSING
XOXO,,TICKER_DIR_MISSING
BJRI,,TICKER_DIR_MISSING
FCE.B,,TICKER_DIR_MISSING
NMA,,TICKER_DIR_MISSING
MGCD,,TICKER_DIR_MISSING
MMLP,,TICKER_DIR_MISSING
GSI,,TICKER_DIR_MISSING
MSBI,,TICKER_DIR_MISSING
LNKD,,TICKER_DIR_MISSING
RYL,,TICKER_DIR_MISSING
KAAC,,TICKER_DIR_MISSING
SUPV,,TICKER_DIR_MISSING
KODK,,TICKER_DIR_MISSING
UIL,,TICKER_DIR_MISSING
OFS,,TICKER_DIR_MISSING
MATH,,TICKER_DIR_MISSING
PRSS,,TICKER_DIR_MISSING
CFFN,,TICKER_DIR_MISSING
AQMS,,TICKER_DIR_MISSING
OTLK,,TICKER_DIR_MISSING
ECYT,,TICKER_DIR_MISSING
ARDX,,TICKER_DIR_MISSING
CTO,,TICKER_DIR_MISSING
LG,,TICKER_DIR_MISSING
PRGS,,TICKER_DIR_MISSING
HRTG,,TICKER_DIR_MISSING
WOW,,TICKER_DIR_MISSING
PPHM,,TICKER_DIR_MISSING
BHR,,TICKER_DIR_MISSING
REIS,,TICKER_DIR_MISSING
FDML,,TICKER_DIR_MISSING
BCSF,,TICKER_DIR_MISSING
KLXE,,TICKER_DIR_MISSING
SPAN,,TICKER_DIR_MISSING
VSTM,,TICKER_DIR_MISSING
LDR,,TICKER_DIR_MISSING
GMRE,,TICKER_DIR_MISSING
ENL,,TICKER_DIR_MISSING
PWE,,TICKER_DIR_MISSING
LEGH,,TICKER_DIR_MISSING
SONS,,TICKER_DIR_MISSING
WNRL,,TICKER_DIR_MISSING
FH,,TICKER_DIR_MISSING
PNBK,,TICKER_DIR_MISSING
FUNC,,TICKER_DIR_MISSING
IKGH,,TICKER_DIR_MISSING
TG,,TICKER_DIR_MISSING
MNOV,,TICKER_DIR_MISSING
RRGB,,TICKER_DIR_MISSING
UONEK,,TICKER_DIR_MISSING
CASC,,TICKER_DIR_MISSING
ESTA,,TICKER_DIR_MISSING
RYI,,TICKER_DIR_MISSING
DXPE,,TICKER_DIR_MISSING
ITRM,,TICKER_DIR_MISSING
BMRA,,TICKER_DIR_MISSING
NWFL,,TICKER_DIR_MISSING
SPB,,TICKER_DIR_MISSING
AIRM,,TICKER_DIR_MISSING
APPY,,TICKER_DIR_MISSING
WATT,,TICKER_DIR_MISSING
DLPN,,TICKER_DIR_MISSING
VERI,,TICKER_DIR_MISSING
DGI,,TICKER_DIR_MISSING
CAPN,,TICKER_DIR_MISSING
MCB,,TICKER_DIR_MISSING
EHTH,,TICKER_DIR_MISSING
KOS,,TICKER_DIR_MISSING
OCIR,,TICKER_DIR_MISSING
CRT,,TICKER_DIR_MISSING
FVCB,,TICKER_DIR_MISSING
ASPS,,TICKER_DIR_MISSING
IZEA,,TICKER_DIR_MISSING
SCKT,,TICKER_DIR_MISSING
WPCS,,TICKER_DIR_MISSING
FFKT,,TICKER_DIR_MISSING
CGC,,TICKER_DIR_MISSING
AMC,,TICKER_DIR_MISSING
JMG,,TICKER_DIR_MISSING
SAR,,TICKER_DIR_MISSING
MUX,,TICKER_DIR_MISSING
TXTR,,TICKER_DIR_MISSING
STI,,TICKER_DIR_MISSING
VNCE,,TICKER_DIR_MISSING
TCRX,,TICKER_DIR_MISSING
NBN,,TICKER_DIR_MISSING
HFFG,,TICKER_DIR_MISSING
NVAX,,TICKER_DIR_MISSING
PLPC,,TICKER_DIR_MISSING
OSPR,,TICKER_DIR_MISSING
DMTX,,TICKER_DIR_MISSING
LPNT,,TICKER_DIR_MISSING
OMAM,,TICKER_DIR_MISSING
MLAB,,TICKER_DIR_MISSING
SWFT,,TICKER_DIR_MISSING
FLGT,,TICKER_DIR_MISSING
JAH,,TICKER_DIR_MISSING
FSBK,,TICKER_DIR_MISSING
MRDN,,TICKER_DIR_MISSING
CRDS,,TICKER_DIR_MISSING
MILL,,TICKER_DIR_MISSING
CUNB,,TICKER_DIR_MISSING
FNLC,,TICKER_DIR_MISSING
NDRA,,TICKER_DIR_MISSING
EJ,,TICKER_DIR_MISSING
BSVN,,TICKER_DIR_MISSING
OCRX,,TICKER_DIR_MISSING
ICON,,TICKER_DIR_MISSING
CLB,,TICKER_DIR_MISSING
HCKT,,TICKER_DIR_MISSING
EGY,,TICKER_DIR_MISSING
NEO,,TICKER_DIR_MISSING
ATEN,,TICKER_DIR_MISSING
LMNR,,TICKER_DIR_MISSING
INN,,TICKER_DIR_MISSING
LNCE,,TICKER_DIR_MISSING
WFBI,,TICKER_DIR_MISSING
IART,,TICKER_DIR_MISSING
URRE,,TICKER_DIR_MISSING
AMPH,,TICKER_DIR_MISSING
CSTE,,TICKER_DIR_MISSING
ASTE,,TICKER_DIR_MISSING
CHUBK,,TICKER_DIR_MISSING
USAU,,TICKER_DIR_MISSING
TWI,,TICKER_DIR_MISSING
PLAY,,TICKER_DIR_MISSING
AXGN,,TICKER_DIR_MISSING
RAMP,,TICKER_DIR_MISSING
CLMT,,TICKER_DIR_MISSING
CLBK,,TICKER_DIR_MISSING
ADTN,,TICKER_DIR_MISSING
LARK,,TICKER_DIR_MISSING
SNDX,,TICKER_DIR_MISSING
ARIA,,TICKER_DIR_MISSING
PULM,,TICKER_DIR_MISSING
PRPO,,TICKER_DIR_MISSING
QVCA,,TICKER_DIR_MISSING
BCA,,TICKER_DIR_MISSING
ASMB,,TICKER_DIR_MISSING
RUK,,TICKER_DIR_MISSING
BFST,,TICKER_DIR_MISSING
SNBC,,TICKER_DIR_MISSING
NTGR,,TICKER_DIR_MISSING
ISH,,TICKER_DIR_MISSING
IIPR,,TICKER_DIR_MISSING
BH,,TICKER_DIR_MISSING
NPM,,TICKER_DIR_MISSING
PSG,,TICKER_DIR_MISSING
FMAO,,TICKER_DIR_MISSING
QVCB,,TICKER_DIR_MISSING
ASIX,,TICKER_DIR_MISSING
BWFG,,TICKER_DIR_MISSING
SLS,,TICKER_DIR_MISSING
CLPS,,TICKER_DIR_MISSING
IPWR,,TICKER_DIR_MISSING
PGI,,TICKER_DIR_MISSING
HNRG,,TICKER_DIR_MISSING
FWRD,,TICKER_DIR_MISSING
GTN,,TICKER_DIR_MISSING
CHMI,,TICKER_DIR_MISSING
SEII,,TICKER_DIR_MISSING
HYF,,TICKER_DIR_MISSING
TNH,,TICKER_DIR_MISSING
PKBK,,TICKER_DIR_MISSING
AMDA,,TICKER_DIR_MISSING
RDWR,,TICKER_DIR_MISSING
NAP,,TICKER_DIR_MISSING
SMHI,,TICKER_DIR_MISSING
SIEB,,TICKER_DIR_MISSING
SIGA,,TICKER_DIR_MISSING
HNI,,TICKER_DIR_MISSING
PRZM,,TICKER_DIR_MISSING
GLRE,,TICKER_DIR_MISSING
SCYX,,TICKER_DIR_MISSING
BEAT,,TICKER_DIR_MISSING
NPK,,TICKER_DIR_MISSING
EBS,,TICKER_DIR_MISSING
GALE,,TICKER_DIR_MISSING
ABAX,,TICKER_DIR_MISSING
CGBD,,TICKER_DIR_MISSING
DJCO,,TICKER_DIR_MISSING
SYMX,,TICKER_DIR_MISSING
SSE,,TICKER_DIR_MISSING
KRNT,,TICKER_DIR_MISSING
QPAC,,TICKER_DIR_MISSING
RTNB,,TICKER_DIR_MISSING
EDUC,,TICKER_DIR_MISSING
LVLT,,TICKER_DIR_MISSING
IMN,,TICKER_DIR_MISSING
CLCD,,TICKER_DIR_MISSING
ASBB,,TICKER_DIR_MISSING
MYSZ,,TICKER_DIR_MISSING
SCAI,,TICKER_DIR_MISSING
MHFI,,TICKER_DIR_MISSING
PRTS,,TICKER_DIR_MISSING
CRME,,TICKER_DIR_MISSING
PRPL,,TICKER_DIR_MISSING
LGCYO,,TICKER_DIR_MISSING
FPH,,TICKER_DIR_MISSING
SYUT,,TICKER_DIR_MISSING
SGU,,TICKER_DIR_MISSING
ARPI,,TICKER_DIR_MISSING
ENR,,TICKER_DIR_MISSING
PLCE,,TICKER_DIR_MISSING
LXFR,,TICKER_DIR_MISSING
CRTN,,TICKER_DIR_MISSING
CNNX,,TICKER_DIR_MISSING
WKHS,,TICKER_DIR_MISSING
WLT,,TICKER_DIR_MISSING
GLIBA,,TICKER_DIR_MISSING
ENTX,,TICKER_DIR_MISSING
NYRT,,TICKER_DIR_MISSING
FMBH,,TICKER_DIR_MISSING
SHBI,,TICKER_DIR_MISSING
CCCR,,TICKER_DIR_MISSING
TRIP,,TICKER_DIR_MISSING
ESCA,,TICKER_DIR_MISSING
AVDL,,TICKER_DIR_MISSING
FRBA,,TICKER_DIR_MISSING
FES,,TICKER_DIR_MISSING
DBVT,,TICKER_DIR_MISSING
XTLY,,TICKER_DIR_MISSING
OKS,,TICKER_DIR_MISSING
JTPY,,TICKER_DIR_MISSING
XOMA,,TICKER_DIR_MISSING
SSNI,,TICKER_DIR_MISSING
VTGN,,TICKER_DIR_MISSING
COL,,TICKER_DIR_MISSING
GNE,,TICKER_DIR_MISSING
ROIA,,TICKER_DIR_MISSING
GCBC,,TICKER_DIR_MISSING
UTI,,TICKER_DIR_MISSING
TVIA,,TICKER_DIR_MISSING
WEB,,TICKER_DIR_MISSING
VHC,,TICKER_DIR_MISSING
EDE,,TICKER_DIR_MISSING
MSLI,,TICKER_DIR_MISSING
TAI,,TICKER_DIR_MISSING
CPHC,,TICKER_DIR_MISSING
RPT,,TICKER_DIR_MISSING
VIRC,,TICKER_DIR_MISSING
HAR,,TICKER_DIR_MISSING
NMRX,,TICKER_DIR_MISSING
GUID,,TICKER_DIR_MISSING
STLY,,TICKER_DIR_MISSING
IIIV,,TICKER_DIR_MISSING
MIL,,TICKER_DIR_MISSING
CODA,,TICKER_DIR_MISSING
CERU,,TICKER_DIR_MISSING
AXL,,TICKER_DIR_MISSING
RGNX,,TICKER_DIR_MISSING
LOOP,,TICKER_DIR_MISSING
SBY,,TICKER_DIR_MISSING
NDRO,,TICKER_DIR_MISSING
BIE,,TICKER_DIR_MISSING
COH,,TICKER_DIR_MISSING
AGM.A,,TICKER_DIR_MISSING
UNXL,,TICKER_DIR_MISSING
MIND,,TICKER_DIR_MISSING
GECC,,TICKER_DIR_MISSING
PCYO,,TICKER_DIR_MISSING
CVG,,TICKER_DIR_MISSING
EBIO,,TICKER_DIR_MISSING
ACPW,,TICKER_DIR_MISSING
PFX,,TICKER_DIR_MISSING
TTEC,,TICKER_DIR_MISSING
TACT,,TICKER_DIR_MISSING
KALV,,TICKER_DIR_MISSING
SCNB,,TICKER_DIR_MISSING
ERII,,TICKER_DIR_MISSING
SRTS,,TICKER_DIR_MISSING
BMRC,,TICKER_DIR_MISSING
OPY,,TICKER_DIR_MISSING
PXS,,TICKER_DIR_MISSING
ONVI,,TICKER_DIR_MISSING
GIGA,,TICKER_DIR_MISSING
BDE,,TICKER_DIR_MISSING
ALOG,,TICKER_DIR_MISSING
BBDC,,TICKER_DIR_MISSING
TEGP,,TICKER_DIR_MISSING
FUR,,TICKER_DIR_MISSING
KFRC,,TICKER_DIR_MISSING
SMRT,,TICKER_DIR_MISSING
XBKS,,TICKER_DIR_MISSING
FDI,,TICKER_DIR_MISSING
TUBE,,TICKER_DIR_MISSING
PRE,,TICKER_DIR_MISSING
N,,TICKER_DIR_MISSING
MCP,,TICKER_DIR_MISSING
MXL,,TICKER_DIR_MISSING
WVVI,,TICKER_DIR_MISSING
HSTM,,TICKER_DIR_MISSING
GRPN,,TICKER_DIR_MISSING
HLF,,TICKER_DIR_MISSING
EZPW,,TICKER_DIR_MISSING
THLD,,TICKER_DIR_MISSING
CZNC,,TICKER_DIR_MISSING
MRSN,,TICKER_DIR_MISSING
YORW,,TICKER_DIR_MISSING
TEG,,TICKER_DIR_MISSING
RBPAA,,TICKER_DIR_MISSING
NMM,,TICKER_DIR_MISSING
BONT,,TICKER_DIR_MISSING
HIFS,,TICKER_DIR_MISSING
CCG,,TICKER_DIR_MISSING
SPWR,,TICKER_DIR_MISSING
AHGP,,TICKER_DIR_MISSING
PLYM,,TICKER_DIR_MISSING
PMC,,TICKER_DIR_MISSING
FCRE,,TICKER_DIR_MISSING
CVEO,,TICKER_DIR_MISSING
HAWK,,TICKER_DIR_MISSING
STRT,,TICKER_DIR_MISSING
NGS,,TICKER_DIR_MISSING
LO,,TICKER_DIR_MISSING
STC,,TICKER_DIR_MISSING
MAN,,TICKER_DIR_MISSING
GAME,,TICKER_DIR_MISSING
YECO,,TICKER_DIR_MISSING
OPWR,,TICKER_DIR_MISSING
DSX,,TICKER_DIR_MISSING
VMEM,,TICKER_DIR_MISSING
LOVE,,TICKER_DIR_MISSING
IM,,TICKER_DIR_MISSING
HBCP,,TICKER_DIR_MISSING
AOI,,TICKER_DIR_MISSING
TUSK,,TICKER_DIR_MISSING
ALJ,,TICKER_DIR_MISSING
YTRA,,TICKER_DIR_MISSING
PPSI,,TICKER_DIR_MISSING
RXII,,TICKER_DIR_MISSING
BYBK,,TICKER_DIR_MISSING
CERS,,TICKER_DIR_MISSING
JMBA,,TICKER_DIR_MISSING
CULP,,TICKER_DIR_MISSING
EXH,,TICKER_DIR_MISSING
OPXA,,TICKER_DIR_MISSING
IVR,,TICKER_DIR_MISSING
CLAR,,TICKER_DIR_MISSING
ALEX,,TICKER_DIR_MISSING
CBL,,TICKER_DIR_MISSING
KREF,,TICKER_DIR_MISSING
HSNI,,TICKER_DIR_MISSING
EVOK,,TICKER_DIR_MISSING
LIOX,,TICKER_DIR_MISSING
PRME,,TICKER_DIR_MISSING
DRII,,TICKER_DIR_MISSING
TANH,,TICKER_DIR_MISSING
LEDS,,TICKER_DIR_MISSING
CLWT,,TICKER_DIR_MISSING
NKSH,,TICKER_DIR_MISSING
CKP,,TICKER_DIR_MISSING
TRC,,TICKER_DIR_MISSING
SYRX,,TICKER_DIR_MISSING
NWN,,TICKER_DIR_MISSING
CGEN,,TICKER_DIR_MISSING
RSYS,,TICKER_DIR_MISSING
MGIC,,TICKER_DIR_MISSING
LAYN,,TICKER_DIR_MISSING
PLAB,,TICKER_DIR_MISSING
XXIA,,TICKER_DIR_MISSING
NCT,,TICKER_DIR_MISSING
BGS,,TICKER_DIR_MISSING
TKAI,,TICKER_DIR_MISSING
MFIN,,TICKER_DIR_MISSING
LTEA,,TICKER_DIR_MISSING
ITC,,TICKER_DIR_MISSING
ANW,,TICKER_DIR_MISSING
MVBF,,TICKER_DIR_MISSING
DHCP,,TICKER_DIR_MISSING
EFSC,,TICKER_DIR_MISSING
BNGO,,TICKER_DIR_MISSING
MDGN,,TICKER_DIR_MISSING
EARN,,TICKER_DIR_MISSING
TEN,,TICKER_DIR_MISSING
EGN,,TICKER_DIR_MISSING
NYLD.A,,TICKER_DIR_MISSING
KING,,TICKER_DIR_MISSING
AXR,,TICKER_DIR_MISSING
WBB,,TICKER_DIR_MISSING
FNWB,,TICKER_DIR_MISSING
BUSE,,TICKER_DIR_MISSING
OVLY,,TICKER_DIR_MISSING
DWCH,,TICKER_DIR_MISSING
HOFT,,TICKER_DIR_MISSING
EVHC,,TICKER_DIR_MISSING
RNGR,,TICKER_DIR_MISSING
III,,TICKER_DIR_MISSING
CLC,,TICKER_DIR_MISSING
ANR,,TICKER_DIR_MISSING
SMBC,,TICKER_DIR_MISSING
CSWC,,TICKER_DIR_MISSING
DAC,,TICKER_DIR_MISSING
XBIT,,TICKER_DIR_MISSING
SGBX,,TICKER_DIR_MISSING
ACCO,,TICKER_DIR_MISSING
NJ,,TICKER_DIR_MISSING
BSRR,,TICKER_DIR_MISSING
DMRC,,TICKER_DIR_MISSING
NSYS,,TICKER_DIR_MISSING
AAT,,TICKER_DIR_MISSING
FRPH,,TICKER_DIR_MISSING
CYN,,TICKER_DIR_MISSING
SGRP,,TICKER_DIR_MISSING
OCC,,TICKER_DIR_MISSING
LOCO,,TICKER_DIR_MISSING
CSV,,TICKER_DIR_MISSING
ONS,,TICKER_DIR_MISSING
DDR,,TICKER_DIR_MISSING
TASR,,TICKER_DIR_MISSING
WGBS,,TICKER_DIR_MISSING
BH.A,,TICKER_DIR_MISSING
RBBN,,TICKER_DIR_MISSING
RNDY,,TICKER_DIR_MISSING
SDRL,,TICKER_DIR_MISSING
CREG,,TICKER_DIR_MISSING
FRD,,TICKER_DIR_MISSING
MW,,TICKER_DIR_MISSING
VRA,,TICKER_DIR_MISSING
TPGE,,TICKER_DIR_MISSING
UAM,,TICKER_DIR_MISSING
MG,,TICKER_DIR_MISSING
TCMD,,TICKER_DIR_MISSING
AVNW,,TICKER_DIR_MISSING
FDP,,TICKER_DIR_MISSING
PDM,,TICKER_DIR_MISSING
NWY,,TICKER_DIR_MISSING
MD,,TICKER_DIR_MISSING
MDRR,,TICKER_DIR_MISSING
VOC,,TICKER_DIR_MISSING
FARM,,TICKER_DIR_MISSING
AMCX,,TICKER_DIR_MISSING
CACB,,TICKER_DIR_MISSING
TAIT,,TICKER_DIR_MISSING
AGEN,,TICKER_DIR_MISSING
TRTX,,TICKER_DIR_MISSING
RIT,,TICKER_DIR_MISSING
PLSE,,TICKER_DIR_MISSING
SCS,,TICKER_DIR_MISSING
MNRO,,TICKER_DIR_MISSING
CATO,,TICKER_DIR_MISSING
ZBIO,,TICKER_DIR_MISSING
SEV,,TICKER_DIR_MISSING
NWL,,TICKER_DIR_MISSING
MRCC,,TICKER_DIR_MISSING
OOMA,,TICKER_DIR_MISSING
TORM,,TICKER_DIR_MISSING
ABR,,TICKER_DIR_MISSING
NEOG,,TICKER_DIR_MISSING
GRI,,TICKER_DIR_MISSING
ALDX,,TICKER_DIR_MISSING
ASRV,,TICKER_DIR_MISSING
IBCP,,TICKER_DIR_MISSING
IPI,,TICKER_DIR_MISSING
XELB,,TICKER_DIR_MISSING
SCL,,TICKER_DIR_MISSING
FMI,,TICKER_DIR_MISSING
GPRO,,TICKER_DIR_MISSING
ENZY,,TICKER_DIR_MISSING
BW,,TICKER_DIR_MISSING
OEC,,TICKER_DIR_MISSING
CKEC,,TICKER_DIR_MISSING
CXRX,,TICKER_DIR_MISSING
ENI,,TICKER_DIR_MISSING
ONCY,,TICKER_DIR_MISSING
ALTS,,TICKER_DIR_MISSING
BAND,,TICKER_DIR_MISSING
ARCT,,TICKER_DIR_MISSING
SEP,,TICKER_DIR_MISSING
CEVA,,TICKER_DIR_MISSING
NPF,,TICKER_DIR_MISSING
APVO,,TICKER_DIR_MISSING
GCA,,TICKER_DIR_MISSING
FTEK,,TICKER_DIR_MISSING
RAND,,TICKER_DIR_MISSING
IMKTA,,TICKER_DIR_MISSING
MSEX,,TICKER_DIR_MISSING
UEIC,,TICKER_DIR_MISSING
ERS,,TICKER_DIR_MISSING
CVGI,,TICKER_DIR_MISSING
EXAC,,TICKER_DIR_MISSING
OPBK,,TICKER_DIR_MISSING
NX,,TICKER_DIR_MISSING
WEN,,TICKER_DIR_MISSING
SCSS,,TICKER_DIR_MISSING
IPDN,,TICKER_DIR_MISSING
STRS,,TICKER_DIR_MISSING
NUS,,TICKER_DIR_MISSING
MATR,,TICKER_DIR_MISSING
NOA,,TICKER_DIR_MISSING
PETZ,,TICKER_DIR_MISSING
BEBE,,TICKER_DIR_MISSING
TLOG,,TICKER_DIR_MISSING
MED,,TICKER_DIR_MISSING
SAFE,,TICKER_DIR_MISSING
PAL,,TICKER_DIR_MISSING
EQBK,,TICKER_DIR_MISSING
EACQ,,TICKER_DIR_MISSING
LE,,TICKER_DIR_MISSING
RAX,,TICKER_DIR_MISSING
NYLD,,TICKER_DIR_MISSING
FHCO,,TICKER_DIR_MISSING
CRBP,,TICKER_DIR_MISSING
SRI,,TICKER_DIR_MISSING
SILC,,TICKER_DIR_MISSING
HSII,,TICKER_DIR_MISSING
SCSC,,TICKER_DIR_MISSING
ALT,,TICKER_DIR_MISSING
ASUR,,TICKER_DIR_MISSING
UBFO,,TICKER_DIR_MISSING
FAC,,TICKER_DIR_MISSING
CSBK,,TICKER_DIR_MISSING
TGE,,TICKER_DIR_MISSING
TESO,,TICKER_DIR_MISSING
GFIG,,TICKER_DIR_MISSING
MIRN,,TICKER_DIR_MISSING
WOOF,,TICKER_DIR_MISSING
CPLA,,TICKER_DIR_MISSING
ININ,,TICKER_DIR_MISSING
CDI,,TICKER_DIR_MISSING
TLRY,,TICKER_DIR_MISSING
ITUS,,TICKER_DIR_MISSING
JILL,,TICKER_DIR_MISSING
LIND,,TICKER_DIR_MISSING
NQM,,TICKER_DIR_MISSING
WAYN,,TICKER_DIR_MISSING
NATR,,TICKER_DIR_MISSING
CMP,,TICKER_DIR_MISSING
DNOW,,TICKER_DIR_MISSING
VNDA,,TICKER_DIR_MISSING
ADVM,,TICKER_DIR_MISSING
APLP,,TICKER_DIR_MISSING
GNI,,TICKER_DIR_MISSING
CIVB,,TICKER_DIR_MISSING
SGMO,,TICKER_DIR_MISSING
BRY,,TICKER_DIR_MISSING
WBKC,,TICKER_DIR_MISSING
CTRN,,TICKER_DIR_MISSING
REXX,,TICKER_DIR_MISSING
LINC,,TICKER_DIR_MISSING
MHR,,TICKER_DIR_MISSING
EKSO,,TICKER_DIR_MISSING
EXAM,,TICKER_DIR_MISSING
SBGI,,TICKER_DIR_MISSING
INO,,TICKER_DIR_MISSING
UTSI,,TICKER_DIR_MISSING
LXRX,,TICKER_DIR_MISSING
GIGM,,TICKER_DIR_MISSING
AFAM,,TICKER_DIR_MISSING
SLRC,,TICKER_DIR_MISSING
LPSN,,TICKER_DIR_MISSING
AUDC,,TICKER_DIR_MISSING
FAT,,TICKER_DIR_MISSING
ALOT,,TICKER_DIR_MISSING
MRTN,,TICKER_DIR_MISSING
BIN,,TICKER_DIR_MISSING
NAME,,TICKER_DIR_MISSING
CBMX,,TICKER_DIR_MISSING
LHO,,TICKER_DIR_MISSING
SLDB,,TICKER_DIR_MISSING
SES,,TICKER_DIR_MISSING
BLX,,TICKER_DIR_MISSING
PMT,,TICKER_DIR_MISSING
RCON,,TICKER_DIR_MISSING
BCML,,TICKER_DIR_MISSING
EPC,,TICKER_DIR_MISSING
ORN,,TICKER_DIR_MISSING
IRMD,,TICKER_DIR_MISSING
SXL,,TICKER_DIR_MISSING
CSAL,,TICKER_DIR_MISSING
HUB.B,,TICKER_DIR_MISSING
SVU,,TICKER_DIR_MISSING
ANN,,TICKER_DIR_MISSING
CFBK,,TICKER_DIR_MISSING
BELFB,,TICKER_DIR_MISSING
MNKD,,TICKER_DIR_MISSING
OAKS,,TICKER_DIR_MISSING
PPIH,,TICKER_DIR_MISSING
MIII,,TICKER_DIR_MISSING
IMMR,,TICKER_DIR_MISSING
CRI,,TICKER_DIR_MISSING
LFVN,,TICKER_DIR_MISSING
LPTX,,TICKER_DIR_MISSING
NNBR,,TICKER_DIR_MISSING
ISSC,,TICKER_DIR_MISSING
OA,,TICKER_DIR_MISSING
CVC,,TICKER_DIR_MISSING
NC,,TICKER_DIR_MISSING
CBF,,TICKER_DIR_MISSING
SFL,,TICKER_DIR_MISSING
PVL,,TICKER_DIR_MISSING
ATRA,,TICKER_DIR_MISSING
KITE,,TICKER_DIR_MISSING
VUZI,,TICKER_DIR_MISSING
CLFD,,TICKER_DIR_MISSING
TLLP,,TICKER_DIR_MISSING
GPRK,,TICKER_DIR_MISSING
HIVE,,TICKER_DIR_MISSING
IFON,,TICKER_DIR_MISSING
REPL,,TICKER_DIR_MISSING
CENTA,,TICKER_DIR_MISSING
APM,,TICKER_DIR_MISSING
OPRX,,TICKER_DIR_MISSING
OZRK,,TICKER_DIR_MISSING
RBCAA,,TICKER_DIR_MISSING
FLTX,,TICKER_DIR_MISSING
COLL,,TICKER_DIR_MISSING
INBK,,TICKER_DIR_MISSING
CSBR,,TICKER_DIR_MISSING
PSEC,,TICKER_DIR_MISSING
INVE,,TICKER_DIR_MISSING
YDKN,,TICKER_DIR_MISSING
SPRO,,TICKER_DIR_MISSING
SBCP,,TICKER_DIR_MISSING
NLST,,TICKER_DIR_MISSING
JRSH,,TICKER_DIR_MISSING
RMCF,,TICKER_DIR_MISSING
GLDD,,TICKER_DIR_MISSING
SBFG,,TICKER_DIR_MISSING
ATNI,,TICKER_DIR_MISSING
HNR,,TICKER_DIR_MISSING
LGF,,TICKER_DIR_MISSING
CPHD,,TICKER_DIR_MISSING
HVB,,TICKER_DIR_MISSING
CIE,,TICKER_DIR_MISSING
SGA,,TICKER_DIR_MISSING
DGICB,,TICKER_DIR_MISSING
OESX,,TICKER_DIR_MISSING
LION,,TICKER_DIR_MISSING
PACB,,TICKER_DIR_MISSING
NMO,,TICKER_DIR_MISSING
TITN,,TICKER_DIR_MISSING
AMAL,,TICKER_DIR_MISSING
GLMD,,TICKER_DIR_MISSING
NODK,,TICKER_DIR_MISSING
RFL,,TICKER_DIR_MISSING
CUB,,TICKER_DIR_MISSING
RPTP,,TICKER_DIR_MISSING
DTRM,,TICKER_DIR_MISSING
ARI,,TICKER_DIR_MISSING
CARV,,TICKER_DIR_MISSING
IQNT,,TICKER_DIR_MISSING
BDN,,TICKER_DIR_MISSING
CPPL,,TICKER_DIR_MISSING
XRM,,TICKER_DIR_MISSING
DEL,,TICKER_DIR_MISSING
TCI,,TICKER_DIR_MISSING
SFIX,,TICKER_DIR_MISSING
UAN,,TICKER_DIR_MISSING
CODI,,TICKER_DIR_MISSING
ENTA,,TICKER_DIR_MISSING
TIPT,,TICKER_DIR_MISSING
FLNT,,TICKER_DIR_MISSING
TDOC,,TICKER_DIR_MISSING
FSBC,,TICKER_DIR_MISSING
IRWD,,TICKER_DIR_MISSING
LQ,,TICKER_DIR_MISSING
TAYD,,TICKER_DIR_MISSING
GCO,,TICKER_DIR_MISSING
WILC,,TICKER_DIR_MISSING
OME,,TICKER_DIR_MISSING
GTN.A,,TICKER_DIR_MISSING
NRP,,TICKER_DIR_MISSING
ACRS,,TICKER_DIR_MISSING
CHCI,,TICKER_DIR_MISSING
CRMD,,TICKER_DIR_MISSING
DRAM,,TICKER_DIR_MISSING
DTSI,,TICKER_DIR_MISSING
PCO,,TICKER_DIR_MISSING
FMC,,TICKER_DIR_MISSING
RSO,,TICKER_DIR_MISSING
ENH,,TICKER_DIR_MISSING
MBIO,,TICKER_DIR_MISSING
BSTG,,TICKER_DIR_MISSING
MSFG,,TICKER_DIR_MISSING
BELFA,,TICKER_DIR_MISSING
SCVL,,TICKER_DIR_MISSING
WNR,,TICKER_DIR_MISSING
ATAI,,TICKER_DIR_MISSING
DRC,,TICKER_DIR_MISSING
BTH,,TICKER_DIR_MISSING
LUK,,TICKER_DIR_MISSING
CRD.B,,TICKER_DIR_MISSING
SYBT,,TICKER_DIR_MISSING
BY,,TICKER_DIR_MISSING
TALO,,TICKER_DIR_MISSING
EVGN,,TICKER_DIR_MISSING
LEG,,TICKER_DIR_MISSING
GMM,,TICKER_DIR_MISSING
UNIT,,TICKER_DIR_MISSING
SINT,,TICKER_DIR_MISSING
FDBC,,TICKER_DIR_MISSING
NADL,,TICKER_DIR_MISSING
EXPI,,TICKER_DIR_MISSING
XNCR,,TICKER_DIR_MISSING
ZUMZ,,TICKER_DIR_MISSING
JYNT,,TICKER_DIR_MISSING
BGSF,,TICKER_DIR_MISSING
ORRF,,TICKER_DIR_MISSING
LTC,,TICKER_DIR_MISSING
CFCO,,TICKER_DIR_MISSING
COBZ,,TICKER_DIR_MISSING
SFG,,TICKER_DIR_MISSING
MBIN,,TICKER_DIR_MISSING
BBBY,,TICKER_DIR_MISSING
UG,,TICKER_DIR_MISSING
UNB,,TICKER_DIR_MISSING
TSQ,,TICKER_DIR_MISSING
STJ,,TICKER_DIR_MISSING
FCBC,,TICKER_DIR_MISSING
QEPM,,TICKER_DIR_MISSING
MERC,,TICKER_DIR_MISSING
NVLS,,TICKER_DIR_MISSING
ANIX,,TICKER_DIR_MISSING
AYTU,,TICKER_DIR_MISSING
CLAC,,TICKER_DIR_MISSING
GILT,,TICKER_DIR_MISSING
PRO,,TICKER_DIR_MISSING
URGN,,TICKER_DIR_MISSING
WMAR,,TICKER_DIR_MISSING
QRHC,,TICKER_DIR_MISSING
LOB,,TICKER_DIR_MISSING
DVMT,,TICKER_DIR_MISSING
ZFC,,TICKER_DIR_MISSING
CHRS,,TICKER_DIR_MISSING
AEMD,,TICKER_DIR_MISSING
CBAN,,TICKER_DIR_MISSING
JXSB,,TICKER_DIR_MISSING
SLH,,TICKER_DIR_MISSING
DMAC,,TICKER_DIR_MISSING
FIVN,,TICKER_DIR_MISSING
CWAY,,TICKER_DIR_MISSING
Q,,TICKER_DIR_MISSING
SWAY,,TICKER_DIR_MISSING
VNR,,TICKER_DIR_MISSING
CVO,,TICKER_DIR_MISSING
GOOD,,TICKER_DIR_MISSING
ABEO,,TICKER_DIR_MISSING
CNET,,TICKER_DIR_MISSING
FTT,,TICKER_DIR_MISSING
SND,,TICKER_DIR_MISSING
VPG,,TICKER_DIR_MISSING
MX,,TICKER_DIR_MISSING
ARAY,,TICKER_DIR_MISSING
OI,,TICKER_DIR_MISSING
ELTK,,TICKER_DIR_MISSING
SLGL,,TICKER_DIR_MISSING
AAPC,,TICKER_DIR_MISSING
UFI,,TICKER_DIR_MISSING
MCHX,,TICKER_DIR_MISSING
EGLT,,TICKER_DIR_MISSING
GNL,,TICKER_DIR_MISSING
CMCO,,TICKER_DIR_MISSING
RKUS,,TICKER_DIR_MISSING
UCP,,TICKER_DIR_MISSING
KTCC,,TICKER_DIR_MISSING
CABO,,TICKER_DIR_MISSING
TSO,,TICKER_DIR_MISSING
PSDV,,TICKER_DIR_MISSING
MY,,TICKER_DIR_MISSING
AGII,,TICKER_DIR_MISSING
FMD,,TICKER_DIR_MISSING
FBIZ,,TICKER_DIR_MISSING
BCR,,TICKER_DIR_MISSING
CHMG,,TICKER_DIR_MISSING
EAF,,TICKER_DIR_MISSING
AIHS,,TICKER_DIR_MISSING
OCIP,,TICKER_DIR_MISSING
LMIA,,TICKER_DIR_MISSING
BRID,,TICKER_DIR_MISSING
KOD,,TICKER_DIR_MISSING
CNDT,,TICKER_DIR_MISSING
DXTR,,TICKER_DIR_MISSING
OVBC,,TICKER_DIR_MISSING
DPRX,,TICKER_DIR_MISSING
GGP,,TICKER_DIR_MISSING
FISI,,TICKER_DIR_MISSING
BZH,,TICKER_DIR_MISSING
SCTY,,TICKER_DIR_MISSING
GTY,,TICKER_DIR_MISSING
NKTR,,TICKER_DIR_MISSING
TIL,,TICKER_DIR_MISSING
NBG,,TICKER_DIR_MISSING
VLTC,,TICKER_DIR_MISSING
PERF,,TICKER_DIR_MISSING
CLSD,,TICKER_DIR_MISSING
VRTS,,TICKER_DIR_MISSING
AROW,,TICKER_DIR_MISSING
HTH,,TICKER_DIR_MISSING
ALGT,,TICKER_DIR_MISSING
HEOP,,TICKER_DIR_MISSING
PLPM,,TICKER_DIR_MISSING
SGBK,,TICKER_DIR_MISSING
DCO,,TICKER_DIR_MISSING
OCSL,,TICKER_DIR_MISSING
CALD,,TICKER_DIR_MISSING
LQDT,,TICKER_DIR_MISSING
BANX,,TICKER_DIR_MISSING
EB,,TICKER_DIR_MISSING
PPP,,TICKER_DIR_MISSING
BOTJ,,TICKER_DIR_MISSING
FXCM,,TICKER_DIR_MISSING
APOG,,TICKER_DIR_MISSING
ZEUS,,TICKER_DIR_MISSING
KLXI,,TICKER_DIR_MISSING
HMN,,TICKER_DIR_MISSING
UCBA,,TICKER_DIR_MISSING
BYFC,,TICKER_DIR_MISSING
TWST,,TICKER_DIR_MISSING
ROSG,,TICKER_DIR_MISSING
BETR,,TICKER_DIR_MISSING
CAMP,,TICKER_DIR_MISSING
MTW,,TICKER_DIR_MISSING
CPF,,TICKER_DIR_MISSING
MIFI,,TICKER_DIR_MISSING
PEBK,,TICKER_DIR_MISSING
MBI,,TICKER_DIR_MISSING
IPXL,,TICKER_DIR_MISSING
IL,,TICKER_DIR_MISSING
KRP,,TICKER_DIR_MISSING
GNK,,TICKER_DIR_MISSING
RGP,,TICKER_DIR_MISSING
GSHD,,TICKER_DIR_MISSING
TRF,,TICKER_DIR_MISSING
FMSA,,TICKER_DIR_MISSING
NEFF,,TICKER_DIR_MISSING
NRCIB,,TICKER_DIR_MISSING
MCS,,TICKER_DIR_MISSING
NFBK,,TICKER_DIR_MISSING
NNP,,TICKER_DIR_MISSING
ZYME,,TICKER_DIR_MISSING
NPP,,TICKER_DIR_MISSING
TBPH,,TICKER_DIR_MISSING
TYC,,TICKER_DIR_MISSING
MTGE,,TICKER_DIR_MISSING
QNST,,TICKER_DIR_MISSING
KTWO,,TICKER_DIR_MISSING
HOV,,TICKER_DIR_MISSING
LFIN,,TICKER_DIR_MISSING
SUNS,,TICKER_DIR_MISSING
CREX,,TICKER_DIR_MISSING
GXP,,TICKER_DIR_MISSING
DRWI,,TICKER_DIR_MISSING
ESRT,,TICKER_DIR_MISSING
AYA,,TICKER_DIR_MISSING
DCOM,,TICKER_DIR_MISSING
FEIM,,TICKER_DIR_MISSING
MGYR,,TICKER_DIR_MISSING
KE,,TICKER_DIR_MISSING
DWA,,TICKER_DIR_MISSING
COVS,,TICKER_DIR_MISSING
NESR,,TICKER_DIR_MISSING
PBI,,TICKER_DIR_MISSING
RMNI,,TICKER_DIR_MISSING
OXBR,,TICKER_DIR_MISSING
ALLT,,TICKER_DIR_MISSING
PKE,,TICKER_DIR_MISSING
WSH,,TICKER_DIR_MISSING
FRP,,TICKER_DIR_MISSING
AXTI,,TICKER_DIR_MISSING
LKFN,,TICKER_DIR_MISSING
NCIT,,TICKER_DIR_MISSING
MBWM,,TICKER_DIR_MISSING
MSO,,TICKER_DIR_MISSING
ATOM,,TICKER_DIR_MISSING
CSG,,TICKER_DIR_MISSING
CYRX,,TICKER_DIR_MISSING
ALX,,TICKER_DIR_MISSING
DHIL,,TICKER_DIR_MISSING
DAKT,,TICKER_DIR_MISSING
GURE,,TICKER_DIR_MISSING
JPEP,,TICKER_DIR_MISSING
KMG,,TICKER_DIR_MISSING
WNC,,TICKER_DIR_MISSING
WHLR,,TICKER_DIR_MISSING
OIS,,TICKER_DIR_MISSING
CTW,,TICKER_DIR_MISSING
IOVA,,TICKER_DIR_MISSING
NQI,,TICKER_DIR_MISSING
YUME,,TICKER_DIR_MISSING
CRAI,,TICKER_DIR_MISSING
PFBC,,TICKER_DIR_MISSING
CLIR,,TICKER_DIR_MISSING
CFCB,,TICKER_DIR_MISSING
SPNC,,TICKER_DIR_MISSING
ZA,,TICKER_DIR_MISSING
OSS,,TICKER_DIR_MISSING
FINL,,TICKER_DIR_MISSING
OVAS,,TICKER_DIR_MISSING
RUBI,,TICKER_DIR_MISSING
NGL,,TICKER_DIR_MISSING
SSTI,,TICKER_DIR_MISSING
FAMI,,TICKER_DIR_MISSING
NVFY,,TICKER_DIR_MISSING
BTAI,,TICKER_DIR_MISSING
PAR,,TICKER_DIR_MISSING
RALY,,TICKER_DIR_MISSING
JOY,,TICKER_DIR_MISSING
WGO,,TICKER_DIR_MISSING
SJT,,TICKER_DIR_MISSING
SNAK,,TICKER_DIR_MISSING
PMTS,,TICKER_DIR_MISSING
ATRO,,TICKER_DIR_MISSING
MRBK,,TICKER_DIR_MISSING
NDRM,,TICKER_DIR_MISSING
WHZ,,TICKER_DIR_MISSING
BSPM,,TICKER_DIR_MISSING
NVEC,,TICKER_DIR_MISSING
CGNT,,TICKER_DIR_MISSING
HME,,TICKER_DIR_MISSING
RKDA,,TICKER_DIR_MISSING
GROW,,TICKER_DIR_MISSING
ELX,,TICKER_DIR_MISSING
SPW,,TICKER_DIR_MISSING
PWX,,TICKER_DIR_MISSING
OWW,,TICKER_DIR_MISSING
NEXA,,TICKER_DIR_MISSING
SNFCA,,TICKER_DIR_MISSING
RLJE,,TICKER_DIR_MISSING
MMI,,TICKER_DIR_MISSING
CBAT,,TICKER_DIR_MISSING
NORD,,TICKER_DIR_MISSING
ACAS,,TICKER_DIR_MISSING
MDM,,TICKER_DIR_MISSING
GIMO,,TICKER_DIR_MISSING
BNK,,TICKER_DIR_MISSING
BOBE,,TICKER_DIR_MISSING
GSBC,,TICKER_DIR_MISSING
CCS,,TICKER_DIR_MISSING
CMTL,,TICKER_DIR_MISSING
SRDX,,TICKER_DIR_MISSING
REX,,TICKER_DIR_MISSING
CDXS,,TICKER_DIR_MISSING
APPS,,TICKER_DIR_MISSING
LF,,TICKER_DIR_MISSING
OCCI,,TICKER_DIR_MISSING
ICFI,,TICKER_DIR_MISSING
KZR,,TICKER_DIR_MISSING
ATOS,,TICKER_DIR_MISSING
ARO,,TICKER_DIR_MISSING
JCAP,,TICKER_DIR_MISSING
SSLT,,TICKER_DIR_MISSING
PNRA,,TICKER_DIR_MISSING
PFIS,,TICKER_DIR_MISSING
DFT,,TICKER_DIR_MISSING
KINS,,TICKER_DIR_MISSING
JVA,,TICKER_DIR_MISSING
SUNE,,TICKER_DIR_MISSING
SYNT,,TICKER_DIR_MISSING
BWB,,TICKER_DIR_MISSING
TREE,,TICKER_DIR_MISSING
VDSI,,TICKER_DIR_MISSING
YOKU,,TICKER_DIR_MISSING
MFRI,,TICKER_DIR_MISSING
DRH,,TICKER_DIR_MISSING
XRX,,TICKER_DIR_MISSING
NRIM,,TICKER_DIR_MISSING
MEP,,TICKER_DIR_MISSING
HYH,,TICKER_DIR_MISSING
PEBO,,TICKER_DIR_MISSING
ORIG,,TICKER_DIR_MISSING
PDS,,TICKER_DIR_MISSING
FONR,,TICKER_DIR_MISSING
BFIN,,TICKER_DIR_MISSING
ARKR,,TICKER_DIR_MISSING
DHX,,TICKER_DIR_MISSING
FPO,,TICKER_DIR_MISSING
TEAR,,TICKER_DIR_MISSING
TLSA,,TICKER_DIR_MISSING
SHO,,TICKER_DIR_MISSING
OGXI,,TICKER_DIR_MISSING
PCP,,TICKER_DIR_MISSING
IMXI,,TICKER_DIR_MISSING
VRTB,,TICKER_DIR_MISSING
PXLW,,TICKER_DIR_MISSING
CVGW,,TICKER_DIR_MISSING
INVT,,TICKER_DIR_MISSING
KS,,TICKER_DIR_MISSING
BFC,,TICKER_DIR_MISSING
ESGL,,TICKER_DIR_MISSING
KCG,,TICKER_DIR_MISSING
XHR,,TICKER_DIR_MISSING
RFIL,,TICKER_DIR_MISSING
UTL,,TICKER_DIR_MISSING
ACHC,,TICKER_DIR_MISSING
MTS,,TICKER_DIR_MISSING
NVCR,,TICKER_DIR_MISSING
ICA,,TICKER_DIR_MISSING
MYE,,TICKER_DIR_MISSING
WLFC,,TICKER_DIR_MISSING
GAIA,,TICKER_DIR_MISSING
SIBN,,TICKER_DIR_MISSING
ADNT,,TICKER_DIR_MISSING
DPS,,TICKER_DIR_MISSING
NWBO,,TICKER_DIR_MISSING
ANY,,TICKER_DIR_MISSING
WMK,,TICKER_DIR_MISSING
FENC,,TICKER_DIR_MISSING
VTVT,,TICKER_DIR_MISSING
GSM,,TICKER_DIR_MISSING
BSET,,TICKER_DIR_MISSING
POLA,,TICKER_DIR_MISSING
AOSL,,TICKER_DIR_MISSING
LXK,,TICKER_DIR_MISSING
EXAR,,TICKER_DIR_MISSING
MBLX,,TICKER_DIR_MISSING
TATT,,TICKER_DIR_MISSING
FCS,,TICKER_DIR_MISSING
FBIO,,TICKER_DIR_MISSING
KRO,,TICKER_DIR_MISSING
GBX,,TICKER_DIR_MISSING
CSPI,,TICKER_DIR_MISSING
RRMS,,TICKER_DIR_MISSING
MYM,,TICKER_DIR_MISSING
HY,,TICKER_DIR_MISSING
DTLK,,TICKER_DIR_MISSING
BKMU,,TICKER_DIR_MISSING
NWBI,,TICKER_DIR_MISSING
CLNT,,TICKER_DIR_MISSING
RWT,,TICKER_DIR_MISSING
FET,,TICKER_DIR_MISSING
SLP,,TICKER_DIR_MISSING
TDC,,TICKER_DIR_MISSING
IRIX,,TICKER_DIR_MISSING
HOPE,,TICKER_DIR_MISSING
HDRA,,TICKER_DIR_MISSING
ECPG,,TICKER_DIR_MISSING
AVG,,TICKER_DIR_MISSING
FLL,,TICKER_DIR_MISSING
GMK,,TICKER_DIR_MISSING
WX,,TICKER_DIR_MISSING
DPM,,TICKER_DIR_MISSING
AQB,,TICKER_DIR_MISSING
SGNL,,TICKER_DIR_MISSING
HZO,,TICKER_DIR_MISSING
FGEN,,TICKER_DIR_MISSING
NCMI,,TICKER_DIR_MISSING
CAPR,,TICKER_DIR_MISSING
LWAY,,TICKER_DIR_MISSING
STRA,,TICKER_DIR_MISSING
PAHC,,TICKER_DIR_MISSING
VTAE,,TICKER_DIR_MISSING
QUAD,,TICKER_DIR_MISSING
OMEX,,TICKER_DIR_MISSING
AMRI,,TICKER_DIR_MISSING
WWAV,,TICKER_DIR_MISSING
EQFN,,TICKER_DIR_MISSING
CIO,,TICKER_DIR_MISSING
KEQU,,TICKER_DIR_MISSING
GSHT,,TICKER_DIR_MISSING
GIFI,,TICKER_DIR_MISSING
CHY,,TICKER_DIR_MISSING
HDNG,,TICKER_DIR_MISSING
BBGI,,TICKER_DIR_MISSING
PLUS,,TICKER_DIR_MISSING
BSI,,TICKER_DIR_MISSING
NAT,,TICKER_DIR_MISSING
DIN,,TICKER_DIR_MISSING
SHLM,,TICKER_DIR_MISSING
NDLS,,TICKER_DIR_MISSING
SBSI,,TICKER_DIR_MISSING
APWC,,TICKER_DIR_MISSING
BFS,,TICKER_DIR_MISSING
STKS,,TICKER_DIR_MISSING
GAS,,TICKER_DIR_MISSING
DGICA,,TICKER_DIR_MISSING
FULL,,TICKER_DIR_MISSING
BKFS,,TICKER_DIR_MISSING
MPAA,,TICKER_DIR_MISSING
PVBC,,TICKER_DIR_MISSING
SNC,,TICKER_DIR_MISSING
SLW,,TICKER_DIR_MISSING
SBR,,TICKER_DIR_MISSING
SAJA,,TICKER_DIR_MISSING
LILAK,,TICKER_DIR_MISSING
GTIM,,TICKER_DIR_MISSING
AMTG,,TICKER_DIR_MISSING
UVE,,TICKER_DIR_MISSING
MCRI,,TICKER_DIR_MISSING
FNTE,,TICKER_DIR_MISSING
CLDX,,TICKER_DIR_MISSING
IVTY,,TICKER_DIR_MISSING
MJI,,TICKER_DIR_MISSING
XCO,,TICKER_DIR_MISSING
WLB,,TICKER_DIR_MISSING
DAIO,,TICKER_DIR_MISSING
MDVX,,TICKER_DIR_MISSING
EQS,,TICKER_DIR_MISSING
LTBR,,TICKER_DIR_MISSING
NEOT,,TICKER_DIR_MISSING
ATRC,,TICKER_DIR_MISSING
PBHC,,TICKER_DIR_MISSING
ASYS,,TICKER_DIR_MISSING
CBNK,,TICKER_DIR_MISSING
PNY,,TICKER_DIR_MISSING
MB,,TICKER_DIR_MISSING
COCP,,TICKER_DIR_MISSING
CAC,,TICKER_DIR_MISSING
CPS,,TICKER_DIR_MISSING
CARS,,TICKER_DIR_MISSING
AP,,TICKER_DIR_MISSING
CST,,TICKER_DIR_MISSING
SRG,,TICKER_DIR_MISSING
CTXR,,TICKER_DIR_MISSING
WR,,TICKER_DIR_MISSING
NTWK,,TICKER_DIR_MISSING
XRDC,,TICKER_DIR_MISSING
PRAA,,TICKER_DIR_MISSING
CCT,,TICKER_DIR_MISSING
MBCN,,TICKER_DIR_MISSING
EBMT,,TICKER_DIR_MISSING
OACQ,,TICKER_DIR_MISSING
PSTB,,TICKER_DIR_MISSING
CUBN,,TICKER_DIR_MISSING
GV,,TICKER_DIR_MISSING
SHEN,,TICKER_DIR_MISSING
CYNO,,TICKER_DIR_MISSING
ULH,,TICKER_DIR_MISSING
GCI,,TICKER_DIR_MISSING
HNNA,,TICKER_DIR_MISSING
MPET,,TICKER_DIR_MISSING
UBCP,,TICKER_DIR_MISSING
AHT,,TICKER_DIR_MISSING
TRST,,TICKER_DIR_MISSING
MYFW,,TICKER_DIR_MISSING
QCRH,,TICKER_DIR_MISSING
ANTX,,TICKER_DIR_MISSING
INDU,,TICKER_DIR_MISSING
RNO,,TICKER_DIR_MISSING
TRNS,,TICKER_DIR_MISSING
OXM,,TICKER_DIR_MISSING
DEA,,TICKER_DIR_MISSING
LCUT,,TICKER_DIR_MISSING
IIIN,,TICKER_DIR_MISSING
PQ,,TICKER_DIR_MISSING
SEED,,TICKER_DIR_MISSING
ORMP,,TICKER_DIR_MISSING
CPIX,,TICKER_DIR_MISSING
NL,,TICKER_DIR_MISSING
VALU,,TICKER_DIR_MISSING
LILA,,TICKER_DIR_MISSING
CLGN,,TICKER_DIR_MISSING
ACXM,,TICKER_DIR_MISSING
CRON,,TICKER_DIR_MISSING
EOC,,TICKER_DIR_MISSING
SVRA,,TICKER_DIR_MISSING
PKY,,TICKER_DIR_MISSING
AEGR,,TICKER_DIR_MISSING
BEAV,,TICKER_DIR_MISSING
NCSM,,TICKER_DIR_MISSING
ANGI,,TICKER_DIR_MISSING
SPOK,,TICKER_DIR_MISSING
JHP,,TICKER_DIR_MISSING
TCPC,,TICKER_DIR_MISSING
FIEE,,TICKER_DIR_MISSING
STKL,,TICKER_DIR_MISSING
EVLV,,TICKER_DIR_MISSING
RLJ,,TICKER_DIR_MISSING
WAC,,TICKER_DIR_MISSING
ELNK,,TICKER_DIR_MISSING
MVO,,TICKER_DIR_MISSING
AVXL,,TICKER_DIR_MISSING
PDFS,,TICKER_DIR_MISSING
FNBC,,TICKER_DIR_MISSING
BLDP,,TICKER_DIR_MISSING
ZAIS,,TICKER_DIR_MISSING
FF,,TICKER_DIR_MISSING
TWC,,TICKER_DIR_MISSING
MVIS,,TICKER_DIR_MISSING
NGLS,,TICKER_DIR_MISSING
TXMD,,TICKER_DIR_MISSING
YERR,,TICKER_DIR_MISSING
FAV,,TICKER_DIR_MISSING
HDSN,,TICKER_DIR_MISSING
PNNT,,TICKER_DIR_MISSING
PGH,,TICKER_DIR_MISSING
SITC,,TICKER_DIR_MISSING
SENEA,,TICKER_DIR_MISSING
FDO,,TICKER_DIR_MISSING
LBIX,,TICKER_DIR_MISSING
SMSI,,TICKER_DIR_MISSING
WPZ,,TICKER_DIR_MISSING
PRA,,TICKER_DIR_MISSING
EGBN,,TICKER_DIR_MISSING
ESQ,,TICKER_DIR_MISSING
CRMT,,TICKER_DIR_MISSING
QDEL,,TICKER_DIR_MISSING
CETC,,TICKER_DIR_MISSING
MGN,,TICKER_DIR_MISSING
VWR,,TICKER_DIR_MISSING
PHIO,,TICKER_DIR_MISSING
WLDN,,TICKER_DIR_MISSING
GT,,TICKER_DIR_MISSING
DOMO,,TICKER_DIR_MISSING
JBGS,,TICKER_DIR_MISSING
HPY,,TICKER_DIR_MISSING
AMWD,,TICKER_DIR_MISSING
COHU,,TICKER_DIR_MISSING
TSBK,,TICKER_DIR_MISSING
BWP,,TICKER_DIR_MISSING
KFS,,TICKER_DIR_MISSING
ACW,,TICKER_DIR_MISSING
ELSE,,TICKER_DIR_MISSING
PFBX,,TICKER_DIR_MISSING
AMSG,,TICKER_DIR_MISSING
GIII,,TICKER_DIR_MISSING
CMN,,TICKER_DIR_MISSING
EDGW,,TICKER_DIR_MISSING
BSFT,,TICKER_DIR_MISSING
FOGO,,TICKER_DIR_MISSING
VRNG,,TICKER_DIR_MISSING
NBR,,TICKER_DIR_MISSING
BRT,,TICKER_DIR_MISSING
AEPI,,TICKER_DIR_MISSING
CGI,,TICKER_DIR_MISSING
